1781878199,1781878202,3.348380089,-137,-12,,
1781878219,1781878226,6.704190016,-139,-13.5,,
1781878224,1781878230,6.157670021,-140,-16.25,,
1781878234,1781878240,5.770990133,-140,-13.5,,Avg Latency:
1781878239,1781878246,6.049020052,-141,-15.5,,6.114504058
1781878250,1781878254,4.544130087,-140,-15.25,,
1781878255,1781878261,6.103019953,-135,-11.25,,
1781878265,1781878271,6.147890091,-139,-14.25,,
1781878270,1781878276,5.723190069,-137,-13.25,,
1781878275,1781878282,6.275629997,-137,-13,,
1781878285,1781878292,6.045589924,-138,-12.75,,
1781878291,1781878295,4.584540129,-138,-13.75,,
1781878296,1781878302,6.120730162,-136,-12.25,,
1781878301,1781878308,7.26541996,-137,-12.25,,
1781878316,1781878321,5.100909948,-135,-10.25,,
1781878326,1781878331,5.101030111,-134,-8.5,,
1781878337,1781878344,7.704649925,-134,-10.25,,
1781878347,1781878358,11.25908995,-143,-17.5,,
1781878352,1781878364,12.26164007,-135,-11,,
1781878357,1781878369,11.59738994,-137,-11.75,,
1781878362,1781878373,10.94031,-136,-11,,
1781878372,1781878385,12.78035998,-136,-12,,
1781878377,1781878393,15.79767013,-137,-14,,
1781878383,1781878399,15.96555996,-138,-12.75,,
1781878388,1781878408,19.96288991,-138,-12.75,,
1781878403,1781878409,5.970800161,-140,-14,,
1781878393,1781878417,23.75864005,-137,-12.25,,
1781878413,1781878418,4.458909988,-137,-12.75,,
1781878398,1781878422,24.26499987,-139,-13.5,,
1781878408,1781878434,25.8549099,-136,-10.5,,
1781878418,1781878439,20.47542,-135,-11,,
1781878429,1781878445,15.97230005,-138,-13,,
1781878434,1781878450,16.4014101,-134,-9.25,,
1781878444,1781878459,15.4677,-134,-11,,
1781878449,1781878461,11.54842019,-135,-10.25,,
1781878454,1781878465,10.75450015,-135,-9.75,,
1781878464,1781878471,6.890089989,-135,-10.5,,
1781878469,1781878475,5.548269987,-137,-13.25,,
1781878475,1781878482,7.404659986,-139,-14.25,,
1781878480,1781878486,6.145870209,-136,-10.75,,
1781878500,1781878507,7.141409874,-136,-12.25,,
1781878505,1781878512,6.938330173,-134,-10.25,,
1781878510,1781878516,6.120790005,-142,-16.5,,
1781878515,1781878522,6.579950094,-136,-11.5,,
1781878521,1781878526,5.740070105,-141,-16.25,,
1781878526,1781878530,4.036790133,-137,-11.75,,
1781878531,1781878537,6.537069798,-135,-11.25,,
1781878536,1781878543,6.812100172,-134,-10.25,,
1781878546,1781878549,3.0625,-137,-11.5,,
1781878551,1781878556,4.767119884,-137,-12,,
1781878561,1781878567,5.366250038,-136,-12.25,,
1781878572,1781878580,8.594460011,-137,-10.75,,
1781878582,1781878587,5.2051301,-137,-12,,
1781878587,1781878593,5.703190088,-141,-15.75,,
1781878592,1781878597,4.794780016,-143,-17.25,,
1781878602,1781878610,7.955250025,-137,-11.75,,
1781878607,1781878613,5.35187006,-140,-14,,
1781878613,1781878616,3.193379879,-136,-11,,
1781878623,1781878628,5.707379818,-137,-12.75,,
1781878628,1781878634,6.033609867,-135,-10.25,,
1781878638,1781878643,5.086249828,-139,-14,,
1781878643,1781878648,5.067100048,-137,-11.75,,
1781878648,1781878654,5.407020092,-138,-13,,
1781878653,1781878658,4.471269846,-138,-12.75,,
1781878658,1781878664,5.951659918,-138,-14,,
1781878664,1781878670,6.174880028,-137,-13,,
1781878669,1781878675,6.112429857,-142,-16.5,,
1781878674,1781878682,8.232949972,-136,-10.75,,
1781878679,1781878686,7.419160128,-139,-14,,
1781878689,1781878695,5.375890017,-138,-12.5,,
1781878694,1781878699,5.024529934,-140,-16,,
1781878699,1781878704,4.946609974,-141,-16,,
1781878715,1781878721,5.81930995,-141,-15.5,,
1781878725,1781878732,7.163170099,-141,-15.5,,
1781878730,1781878737,6.888070107,-141,-15.5,,
1781878735,1781878740,5.110350132,-135,-10.5,,
1781878745,1781878750,4.884209871,-134,-10,,
1781878750,1781878757,6.657019854,-134,-8.5,,
1781878761,1781878766,5.221349955,-138,-13.25,,
1781878766,1781878772,6.52200985,-138,-14,,
1781878771,1781878777,6.495779991,-134,-9.75,,
1781878781,1781878786,4.911490202,-134,-11.75,,
1781878791,1781878797,5.847830057,-134,-8.75,,
1781878796,1781878805,8.092999935,-136,-11,,
1781878812,1781878818,5.759839773,-137,-11.75,,
1781878822,1781878827,4.564389944,-135,-11,,
1781878832,1781878838,5.660029888,-136,-11.25,,
1781878837,1781878843,5.939260006,-139,-13.5,,
1781878842,1781878849,6.100419998,-135,-9.25,,
1781878848,1781878855,7.463099957,-135,-9.75,,
1781878853,1781878858,5.072319984,-136,-10.75,,
1781878868,1781878874,5.569509983,-140,-14.5,,
1781878883,1781878889,5.453920126,-135,-11.25,,
1781878888,1781878899,10.90117002,-135,-10,,
1781878894,1781878906,12.48619986,-135,-9.5,,
1781878904,1781878910,6.403079987,-135,-10.5,,
1781878899,1781878911,12.76050997,-138,-12.75,,
1781878914,1781878919,5.101779938,-136,-11.75,,
1781878919,1781878925,5.658289909,-140,-15.25,,
1781878924,1781878931,6.551589966,-136,-10.75,,
1781878929,1781878936,6.364300013,-140,-15.25,,
1781878940,1781878947,7.000400066,-136,-11,,
1781878945,1781878950,5.245290041,-136,-12.25,,
1781878950,1781878956,5.800679922,-136,-11.5,,
1781878955,1781878961,6.460619926,-132,-7.5,,
1781878965,1781878968,3.227469921,-136,-11,,
1781878970,1781878976,5.990500212,-137,-12.25,,
1781878975,1781878982,6.30632019,-136,-10.75,,
1781878986,1781878989,3.067529917,-136,-10.75,,
1781878991,1781878995,4.556190014,-138,-12.5,,
1781878996,1781878999,3.116580009,-136,-11.5,,
1781879001,1781879008,6.982609987,-140,-15.25,,
1781879006,1781879012,6.305660009,-136,-10.75,,
1781879011,1781879017,5.500499964,-133,-8.5,,
1781879016,1781879020,3.173120022,-137,-12.25,,
1781879021,1781879030,8.365570068,-139,-13.5,,
1781879032,1781879038,6.312099934,-136,-12.25,,
1781879042,1781879047,4.69562006,-134,-8.75,,
1781879062,1781879068,5.595420122,-137,-11.5,,
1781879068,1781879074,6.348980188,-135,-9.75,,
1781879093,1781879103,9.994199991,-141,-17.25,,
1781879088,1781879106,17.61336994,-136,-11.75,,
1781879098,1781879111,12.76566005,-141,-15.5,,
1781879124,1781879132,8.281160116,-138,-13,,
1781879129,1781879136,7.138629913,-135,-11.25,,
1781879149,1781879157,7.385069847,-140,-14.5,,
1781879165,1781879170,5.391989946,-139,-14.25,,
1781879175,1781879180,5.393820047,-139,-13.25,,
1781879180,1781879185,4.899970055,-136,-11.75,,
1781879190,1781879196,5.773000002,-135,-10.25,,
1781879211,1781879217,6.047450066,-139,-13.5,,
1781879221,1781879227,6.546250105,-137,-11.5,,
1781879231,1781879236,4.655879974,-137,-12.25,,
1781879241,1781879246,4.448879957,-134,-10.25,,
1781879247,1781879251,4.877380133,-136,-11.25,,
1781879262,1781879270,8.391149998,-136,-11.25,,
1781879267,1781879273,6.349930048,-138,-12.5,,
1781879272,1781879280,7.640189886,-137,-13,,
1781879277,1781879284,6.84066987,-139,-14,,
1781879282,1781879287,5.045070171,-137,-13.25,,
1781879287,1781879290,2.977259874,-138,-12.5,,
1781879308,1781879313,4.879999876,-143,-18.25,,
1781879303,1781879314,11.18731999,-142,-17.25,,
1781879313,1781879319,6.160019875,-131,-7,,
1781879318,1781879326,7.65831995,-139,-15,,
1781879323,1781879332,9.159719944,-136,-11.25,,
1781879333,1781879340,6.295499802,-138,-13.25,,
1781879339,1781879345,6.221590042,-136,-10.75,,
1781879344,1781879350,6.035550117,-140,-13.5,,
1781879349,1781879356,7.331820011,-135,-11,,
1781879359,1781879367,8.42730999,-138,-13.25,,
1781879380,1781879390,10.49527001,-136,-10.75,,
1781879385,1781879395,10.18766999,-134,-9.75,,
1781879395,1781879401,6.030730009,-135,-10.5,,
1781879420,1781879426,5.868700027,-139,-14,,
1781879426,1781879431,5.153789997,-140,-14.75,,
1781879431,1781879437,6.355149984,-140,-14.75,,
1781879436,1781879443,7.742439985,-142,-16.75,,
1781879446,1781879456,9.713329792,-139,-13.5,,
1781879451,1781879464,12.93322015,-137,-12.25,,
1781879456,1781879468,11.99777985,-134,-8.75,,
1781879472,1781879477,5.077110052,-133,-8.5,,
1781879487,1781879493,6.335719824,-136,-11.25,,
1781879497,1781879504,6.732530117,-137,-11.75,,
1781879507,1781879513,5.89467001,-134,-9.5,,
1781879512,1781879520,7.522510052,-138,-13.25,,
1781879518,1781879523,5.500620127,-131,-6.75,,
1781879523,1781879528,5.162610054,-135,-11,,
1781879528,1781879534,6.444570065,-136,-11.5,,
1781879538,1781879543,5.368910074,-138,-13.75,,
1781879543,1781879549,5.473229885,-138,-13.75,,
1781879548,1781879554,5.889539957,-138,-13,,
1781879553,1781879559,5.685250044,-140,-13.5,,
1781879559,1781879565,6.601500034,-137,-12.25,,
1781879569,1781879575,5.774100065,-138,-13,,
1781879574,1781879579,5.485919952,-141,-16.25,,
1781879579,1781879584,5.48435998,-137,-13,,
1781879584,1781879590,5.411489964,-137,-12,,
1781879589,1781879595,5.861289978,-138,-12.5,,
1781879594,1781879600,5.494210005,-136,-10.75,,
1781879605,1781879610,5.729910135,-135,-10,,
1781879610,1781879614,4.500560045,-138,-12.75,,
1781879620,1781879625,4.781150103,-144,-19,,
1781879630,1781879635,4.349030018,-136,-10.5,,
1781879635,1781879641,5.526520014,-139,-13.75,,
1781879640,1781879646,5.728510141,-137,-12.5,,
1781879651,1781879657,5.919260025,-135,-10.5,,
1781879656,1781879662,5.75474,-136,-12.5,,
1781879661,1781879667,6.260169983,-137,-12.25,,
1781879671,1781879677,6.096270084,-136,-10.5,,
1781879676,1781879682,5.306170225,-140,-14,,
1781879686,1781879691,4.595459938,-136,-10.75,,
1781879692,1781879697,4.980870008,-136,-10.5,,
1781879697,1781879701,4.598890066,-140,-15.25,,
1781879702,1781879706,4.456369877,-142,-16,,
1781879707,1781879712,4.572269917,-137,-12.5,,
1781879712,1781879717,5.254039764,-135,-10.25,,
1781879717,1781879720,2.868919849,-136,-12.25,,
1781879722,1781879727,5.07081008,-138,-12.75,,
1781879727,1781879730,2.942009926,-138,-13.25,,
1781879733,1781879738,5.84394002,-138,-12.5,,
1781879738,1781879742,4.741970062,-135,-10.25,,
1781879743,1781879747,4.618479967,-134,-9.5,,
1781879748,1781879753,4.765290022,-136,-10.5,,
1781879753,1781879759,6.283070087,-137,-11.5,,
1781879758,1781879768,9.983819962,-134,-8.5,,
1781879763,1781879774,10.61151004,-133,-9,,
1781879768,1781879777,9.153219938,-138,-12.75,,
1781879773,1781879780,6.836090088,-135,-10.25,,
1781879779,1781879784,5.43362999,-136,-10.75,,
1781879784,1781879789,5.588390112,-138,-12.75,,
1781879789,1781879794,5.532039881,-137,-12.5,,
1781879799,1781879806,6.848839998,-138,-12.75,,
1781879804,1781879810,5.458189964,-138,-12.75,,
1781879814,1781879820,5.209169865,-139,-14.5,,
1781879819,1781879826,6.414570093,-135,-11,,
1781879830,1781879834,4.666150093,-133,-8.75,,
1781879835,1781879839,4.637830019,-136,-10.75,,
1781879840,1781879845,5.248369932,-139,-13.5,,
1781879845,1781879850,4.733930111,-136,-11.25,,
1781879850,1781879855,4.650190115,-133,-10,,
1781879855,1781879860,4.290479898,-135,-11.25,,
1781879866,1781879871,5.414630175,-134,-10,,
1781879871,1781879877,5.990400076,-139,-13.5,,
1781879876,1781879882,6.589529991,-137,-12,,
1781879886,1781879891,4.98548007,-137,-12.5,,
1781879891,1781879897,6.204160213,-137,-12.5,,
1781879896,1781879902,5.801659822,-139,-14,,
1781879906,1781879912,5.447510004,-139,-13.5,,
1781879927,1781879938,11.14766002,-137,-11.5,,
1781879932,1781879942,9.692250013,-139,-14.25,,
1781879937,1781879945,7.743969917,-136,-12,,
1781879942,1781879947,4.771070004,-136,-12,,
1781879947,1781879952,4.441709995,-136,-11.25,,
1781879952,1781879957,4.738710165,-138,-12.75,,
1781879958,1781879963,5.280870199,-137,-13,,
1781879963,1781879967,4.57118988,-138,-13.5,,
1781879968,1781879973,5.54847002,-140,-14.75,,
1781879973,1781879978,4.989500046,-138,-14.25,,
1781879978,1781879985,7.338129997,-139,-14,,
1781879983,1781879988,4.995790005,-140,-15.25,,
1781879988,1781879994,5.570039988,-137,-12.25,,
1781879993,1781880002,8.624450207,-126,-3.25,,
1781880004,1781880009,5.585530043,-138,-14.25,,
1781880009,1781880015,6.020940065,-139,-14,,
1781880014,1781880019,4.778660059,-138,-12.75,,
1781880019,1781880026,6.561850071,-139,-14,,
1781880029,1781880034,4.59265995,-137,-12,,
1781880034,1781880040,5.408100128,-138,-13.25,,
1781880039,1781880044,5.045120001,-141,-15.75,,
1781880045,1781880050,5.061619997,-139,-14,,
1781880050,1781880055,4.934390068,-141,-14.75,,
1781880055,1781880060,4.815520048,-139,-15.25,,
1781880065,1781880070,5.289899826,-139,-15.25,,
1781880070,1781880076,6.068989992,-139,-14.25,,
1781880075,1781880080,4.408619881,-140,-15.5,,
1781880080,1781880086,5.497119904,-138,-12.5,,
1781880101,1781880105,4.69686985,-141,-16,,
1781880106,1781880112,6.393320084,-139,-14.25,,
1781880116,1781880122,6.309129953,-137,-14,,
1781880121,1781880127,5.695070028,-136,-13,,
1781880131,1781880137,5.857070208,-139,-14,,
1781880137,1781880143,6.319099903,-139,-14.5,,
1781880142,1781880148,6.261749983,-140,-13.75,,
1781880152,1781880158,6.027970076,-138,-13.75,,
1781880157,1781880162,4.804029942,-138,-12.75,,
1781880162,1781880169,6.91403985,-138,-13.25,,
1781880172,1781880177,4.838690042,-136,-12.25,,
1781880177,1781880183,5.204479933,-139,-13.5,,
1781880182,1781880189,6.236419916,-139,-13,,
1781880188,1781880192,4.611629963,-139,-14.25,,
1781880193,1781880198,5.305370092,-139,-14,,
1781880198,1781880204,6.394769907,-139,-13.5,,
1781880208,1781880214,6.369040012,-138,-13,,
1781880218,1781880223,4.49571991,-139,-14,,
1781880223,1781880229,6.032600164,-139,-14.5,,
1781880234,1781880238,4.77602005,-139,-14.25,,
1781880239,1781880244,5.121519804,-140,-14.5,,
1781880244,1781880250,6.250590086,-138,-13.5,,
1781880259,1781880264,4.490230083,-137,-10.5,,
1781880269,1781880274,5.037199974,-138,-13,,
1781880274,1781880279,4.858069897,-135,-11.25,,
1781880280,1781880286,6.105149984,-139,-14,,
1781880285,1781880290,5.099809885,-141,-16,,
1781880290,1781880294,4.561439991,-140,-14.75,,
1781880295,1781880298,3.304229975,-137,-13,,
1781880300,1781880306,5.557260036,-142,-15.75,,
1781880305,1781880310,5.162100077,-136,-12,,
1781880310,1781880317,7.067180157,-139,-13.5,,
1781880320,1781880326,5.092260122,-137,-12.25,,
1781880331,1781880337,6.179709911,-137,-13,,
1781880346,1781880353,6.50022006,-138,-12.75,,
1781880356,1781880363,6.320519924,-137,-11.75,,
1781880366,1781880373,6.355890036,-139,-13.75,,
1781880377,1781880382,5.626900196,-143,-17.75,,
1781880382,1781880387,4.757159948,-136,-11.25,,
1781880392,1781880397,5.340260029,-138,-12.75,,
1781880397,1781880402,4.548669815,-143,-18.25,,
1781880402,1781880408,5.386260033,-142,-16.5,,
1781880407,1781880414,6.952630043,-137,-13,,
1781880412,1781880419,6.495889902,-138,-13.25,,
1781880423,1781880429,6.009180069,-136,-11.25,,
1781880433,1781880437,4.441350222,-138,-14,,
1781880443,1781880449,5.519330025,-139,-14.25,,
1781880453,1781880458,4.432729959,-137,-13.25,,
1781880458,1781880464,5.100980043,-141,-16,,
1781880469,1781880476,7.042490005,-137,-12,,
1781880484,1781880490,5.698640108,-139,-12.75,,
1781880489,1781880495,6.008910179,-138,-12.5,,
1781880494,1781880500,5.958489895,-136,-11,,
1781880499,1781880505,5.292809963,-136,-11.25,,
1781880505,1781880511,6.118470192,-138,-13,,
1781880510,1781880514,4.690109968,-139,-14.25,,
1781880515,1781880519,4.44581008,-137,-13,,
1781880520,1781880525,4.971470118,-136,-12.25,,
1781880525,1781880530,5.32062006,-134,-10,,
1781880530,1781880535,5.284950018,-136,-11.25,,
1781880545,1781880551,5.101840019,-140,-14.5,,
1781880556,1781880560,4.642060041,-139,-13.5,,
1781880571,1781880576,4.995709896,-135,-10.5,,
1781880576,1781880582,6.032049894,-137,-12.5,,
1781880586,1781880589,3.03718996,-137,-13,,
1781880607,1781880611,4.68370986,-136,-11.25,,
1781880617,1781880623,6.37026,-135,-11.5,,
1781880632,1781880639,6.779419899,-135,-9.75,,
1781880643,1781880649,6.064039946,-139,-12.75,,
1781880653,1781880660,7.347519875,-137,-12.25,,
1781880658,1781880664,6.543879986,-136,-10.75,,
1781880673,1781880679,5.479650021,-139,-14,,
1781880678,1781880685,6.700670004,-141,-15.5,,
1781880683,1781880689,5.668309927,-137,-12.25,,
1781880694,1781880699,5.343219995,-137,-13,,
1781880699,1781880707,7.941989899,-138,-13,,
1781880714,1781880719,5.235640049,-139,-14,,
1781880719,1781880729,9.546139956,-137,-11.75,,
1781880730,1781880735,5.89353013,-141,-14.5,,
1781880735,1781880740,5.335119963,-136,-11.5,,
1781880740,1781880745,5.099809885,-137,-12,,
1781880750,1781880756,5.804800034,-137,-11.75,,
1781880755,1781880763,7.433990002,-138,-13.25,,
1781880760,1781880767,6.988929987,-135,-11.25,,
1781880765,1781880771,5.516919851,-137,-12,,
1781880770,1781880777,6.097390175,-133,-9.25,,
1781882840,1781882846,5.819339991,-139,-13.75,,
1781882855,1781882862,6.370170116,-135,-10.5,,
1781882865,1781882871,5.203560114,-136,-11.25,,
1781882871,1781882877,6.68069005,-135,-9.5,,
1781882876,1781882881,5.543370008,-136,-12.25,,
1781882881,1781882888,7.64504981,-132,-8.25,,
1781882886,1781882891,5.369199991,-135,-11.25,,
1781882896,1781882903,6.617479801,-136,-10.5,,
1781882901,1781882907,5.503489971,-131,-6.25,,
1781882906,1781882912,5.292639971,-140,-15.25,,
1781882911,1781882918,6.142100096,-139,-13.5,,
1781882917,1781882921,4.815609932,-133,-8.5,,
1781882922,1781882928,6.139610052,-134,-10.25,,
1781882927,1781882933,6.214169979,-139,-13.5,,
1781882937,1781882944,7.210769892,-134,-9,,
1781882942,1781882948,5.407730103,-138,-13,,
1781882947,1781882955,7.87198019,-140,-14.5,,
1781882952,1781882960,7.183820009,-131,-6.75,,
1781882958,1781882964,6.924449921,-132,-8.25,,
1781882968,1781882975,7.41456008,-134,-10.25,,
1781882973,1781882979,5.971359968,-137,-12.25,,
1781882988,1781882994,6.063970089,-134,-9,,
1781882998,1781883004,5.712410212,-133,-9,,
1781883009,1781883013,4.531510115,-138,-12.75,,
1781883019,1781883025,6.088579893,-138,-13.25,,
1781883024,1781883029,4.868979931,-133,-8,,
1781883029,1781883034,4.914579868,-135,-10.5,,
1781883034,1781883040,5.82249999,-133,-8,,
1781883050,1781883055,5.07001996,-138,-13,,
1781883055,1781883062,7.531039953,-137,-11.5,,
1781883060,1781883070,10.44668984,-133,-7.75,,
1781883065,1781883076,11.29640007,-135,-10,,
1781883070,1781883082,12.08328986,-133,-8.5,,
1781883075,1781883088,13.21489,-140,-15,,
1781883085,1781883097,11.96491003,-138,-12.75,,
1781883091,1781883099,8.062680006,-137,-12,,
1781883096,1781883102,5.938999891,-138,-12.75,,
1781883101,1781883106,4.904190063,-138,-13.25,,
1781883106,1781883113,6.681269884,-133,-8,,
1781883116,1781883121,5.123049974,-133,-8.5,,
1781883121,1781883126,5.247879982,-140,-14.75,,
1781883126,1781883132,5.256779909,-138,-12.75,,
1781883131,1781883137,5.480139971,-142,-16.5,,
1781883137,1781883142,5.261119843,-142,-16,,
1781883142,1781883147,5.326679945,-134,-9.5,,
1781883147,1781883152,5.080159903,-135,-10.25,,
1781883152,1781883156,4.587450027,-135,-10.25,,
1781883157,1781883162,4.968459845,-135,-11.25,,
1781883162,1781883168,6.005650043,-136,-12,,
1781883167,1781883172,5.148819923,-136,-10.75,,
1781883172,1781883178,5.666860104,-133,-9.25,,
1781883183,1781883188,5.195790052,-130,-5.5,,
1781883188,1781883192,4.451519966,-131,-7,,
1781883193,1781883198,5.142139912,-130,-6.25,,
1781883198,1781883204,5.875699997,-130,-6.25,,
1781883203,1781883209,6.178330183,-138,-12.5,,
1781883208,1781883213,4.950040102,-140,-13.5,,
1781883213,1781883219,5.441580057,-134,-9.75,,
1781883218,1781883224,5.858180046,-133,-7.5,,
1781883229,1781883234,5.347440004,-137,-12.5,,
1781883234,1781883239,4.901149988,-135,-11.25,,
1781883239,1781883243,4.563110113,-136,-11.25,,
1781883244,1781883250,6.206559896,-132,-7,,
1781883249,1781883254,5.149129868,-129,-4.75,,
1781883254,1781883260,5.637429953,-139,-14,,
1781883259,1781883265,5.325069904,-138,-12.5,,
1781883275,1781883280,5.527029991,-130,-6,,
1781883280,1781883286,6.639910221,-137,-12.75,,
1781883285,1781883289,4.532999992,-135,-10.75,,
1781883295,1781883300,4.837229967,-135,-10.75,,
1781883300,1781883307,7.09375,-139,-13.75,,
1781883305,1781883311,5.244120121,-138,-13.25,,
1781883310,1781883317,6.948490143,-139,-13.5,,
1781883316,1781883321,5.451380014,-132,-8,,
1781883326,1781883332,6.257610083,-139,-13.5,,
1781883336,1781883342,5.633409977,-138,-12.75,,
1781883341,1781883346,5.083310127,-140,-15,,
1781883367,1781883374,7.539710045,-136,-12,,
1781883377,1781883382,5.277590036,-136,-10.5,,
1781883387,1781883392,5.317029953,-135,-11,,
1781883397,1781883402,4.857029915,-133,-9,,
1781883402,1781883408,5.694559813,-138,-13,,
1781883408,1781883413,4.939639807,-132,-7.25,,
1781883418,1781883423,5.635950089,-140,-14.5,,
1781883423,1781883429,5.823810101,-135,-10.75,,
1781883428,1781883433,5.404720068,-137,-12.75,,
1781883438,1781883443,4.56709981,-135,-10.25,,
1781883443,1781883449,5.936589956,-132,-8,,
1781883454,1781883461,7.138859987,-133,-9,,
1781883469,1781883475,5.753360033,-136,-11.5,,
1781883484,1781883490,5.646810055,-138,-12.75,,
1781883495,1781883500,5.246089935,-135,-10.25,,
1781883500,1781883504,4.703979969,-135,-11.5,,
1781883505,1781883509,4.261379957,-134,-9.5,,
1781883515,1781883520,4.582749844,-132,-6.75,,
1781883525,1781883531,5.731609821,-133,-8.25,,
1781883541,1781883546,5.47262001,-135,-10,,
1781883546,1781883551,5.084719896,-133,-9.25,,
1781883551,1781883557,6.069180012,-134,-9.75,,
1781883556,1781883561,5.535319805,-135,-10.25,,
1781883576,1781883582,5.223039865,-134,-9,,
1781883581,1781883588,6.23044014,-134,-9.75,,
1781883597,1781883602,5.415639877,-132,-7.5,,
1781883602,1781883607,5.428410053,-133,-9,,
1781883607,1781883612,4.683120012,-134,-9.5,,
1781883612,1781883618,5.773249865,-135,-9.75,,
1781883628,1781883633,5.018839836,-132,-7.25,,
1781883633,1781883639,6.059479952,-133,-9.25,,
1781883638,1781883642,4.453089952,-133,-8.25,,
1781883643,1781883648,4.733590126,-132,-7.75,,
1781883648,1781883654,6.281239986,-132,-8,,
1781883653,1781883658,5.180730104,-132,-8,,
1781883663,1781883668,4.683160067,-131,-6.75,,
1781883674,1781883678,4.59465003,-133,-7.5,,
1781883679,1781883685,6.179910183,-134,-9.75,,
1781883684,1781883689,5.701589823,-139,-14.5,,
1781883689,1781883693,4.436159849,-136,-11,,
1781883694,1781883699,5.37319994,-136,-11.25,,
1781883699,1781883705,6.26789999,-141,-16,,
1781883704,1781883712,8.086699963,-136,-10.75,,
1781883714,1781883725,10.54829001,-133,-9,,
1781883720,1781883729,9.59044981,-133,-9,,
1781883725,1781883737,12.70571995,-131,-7.25,,
1781883730,1781883741,10.68530989,-134,-8.75,,
1781883735,1781883744,9.537940025,-133,-7.75,,
1781883745,1781883750,4.35958004,-134,-10,,
1781883750,1781883756,5.651129961,-132,-6.75,,
1781883755,1781883761,5.472720146,-133,-8.5,,
1781883761,1781883765,4.362169981,-135,-9.75,,
1781883766,1781883771,5.108710051,-139,-14,,
1781883771,1781883775,4.510540009,-137,-12.25,,
1781883776,1781883781,4.765670061,-133,-8,,
1781883786,1781883792,5.801620007,-134,-8.75,,
1781883796,1781883802,6.041860104,-132,-8.25,,
1781883807,1781883811,4.616679907,-130,-6.25,,
1781883812,1781883817,5.15196991,-131,-7,,
1781883817,1781883822,4.786809921,-136,-11,,
1781883827,1781883832,5.129859924,-139,-14,,
1781883832,1781883837,4.798300028,-139,-14,,
1781883837,1781883844,6.405719995,-137,-12.25,,
1781883848,1781883853,5.841010094,-139,-14.25,,
1781883853,1781883857,4.470399857,-135,-9.75,,
1781883858,1781883862,4.624939919,-136,-11.25,,
1781883863,1781883868,5.376749992,-137,-11.75,,
1781883868,1781883875,7.023610115,-136,-10.5,,
1781883873,1781883879,6.40936017,-134,-10.25,,
1781883878,1781883883,4.889889956,-139,-15,,
1781883888,1781883894,5.084910154,-134,-10.25,,
1781883894,1781883898,4.664920092,-136,-11,,
1781883899,1781883905,5.917150021,-135,-10.25,,
1781883904,1781883910,5.799319983,-134,-8.75,,
1781883909,1781883914,5.488070011,-137,-12,,
1781883914,1781883919,4.668659925,-137,-12.25,,
1781883924,1781883930,5.647819996,-133,-8.75,,
1781883929,1781883935,5.771800041,-138,-12.75,,
1781883934,1781883940,5.624150038,-138,-13,,
1781883940,1781883944,4.528340101,-132,-8,,
1781883945,1781883951,6.034100056,-136,-11.75,,
1781883955,1781883961,5.667760134,-135,-10.75,,
1781883970,1781883976,5.883409977,-137,-12.25,,
1781883980,1781883986,5.221189976,-134,-9.75,,
1781883991,1781883996,5.641469955,-138,-13.25,,
1781884011,1781884016,4.453160048,-134,-9.25,,
1781884021,1781884027,5.416480064,-137,-12,,
1781884037,1781884043,5.870409966,-136,-11.5,,
1781884042,1781884047,5.528589964,-137,-12,,
1781884047,1781884052,5.505769968,-139,-12.5,,
1781884052,1781884058,6.196709871,-138,-13,,
1781884062,1781884068,5.762809992,-136,-10.75,,
1781884067,1781884072,4.719599962,-137,-11.75,,
1781884083,1781884088,5.067489862,-136,-11.25,,
1781884088,1781884094,6.065540075,-133,-10,,
1781884093,1781884098,4.948230028,-134,-8.5,,
1781884098,1781884104,5.963320017,-136,-11.25,,
1781884103,1781884108,5.156490088,-136,-11.5,,
1781884108,1781884114,5.540369987,-137,-11.5,,
1781884113,1781884119,5.681580067,-136,-11,,
1781884119,1781884124,5.451009989,-138,-12.5,,
1781884124,1781884128,4.763750076,-134,-8.5,,
1781884129,1781884133,4.304670095,-142,-15.75,,
1781884134,1781884139,4.894260168,-137,-11.5,,
1781884139,1781884145,5.518300056,-136,-10.75,,
1781884144,1781884150,5.974049807,-135,-10.5,,
1781884154,1781884161,6.56272006,-137,-11.5,,
1781884165,1781884170,5.600179911,-134,-10,,
1781884170,1781884175,5.219980001,-135,-10.5,,
1781884185,1781884191,5.653159857,-132,-7.75,,
1781884195,1781884202,6.5369699,-133,-9.25,,
1781884206,1781884211,5.164210081,-136,-11,,
1781884211,1781884216,5.158740044,-134,-10.25,,
1781884216,1781884221,5.081259966,-142,-16.5,,
1781884221,1781884226,4.690700054,-133,-8,,
1781884226,1781884231,4.858429909,-135,-9.5,,
1781884231,1781884236,4.777120113,-132,-7,,
1781884241,1781884246,4.719470024,-135,-10.75,,
1781884246,1781884252,5.904239893,-132,-8.25,,
1781884252,1781884257,5.555649996,-132,-8.25,,
1781884292,1781884297,4.966010094,-143,-17.5,,
1781884298,1781884302,4.93046999,-137,-12,,
1781884303,1781884308,4.832809925,-136,-12.25,,
1781884308,1781884314,6.051959991,-134,-10.25,,
1781884313,1781884318,5.487840176,-134,-8.5,,
1781884318,1781884324,5.998600006,-136,-10.75,,
1781884333,1781884338,4.480700016,-136,-11.75,,
1781884338,1781884343,4.85138011,-137,-13.25,,
1781884344,1781884348,4.418300152,-130,-5.5,,
1781884354,1781884358,4.418400049,-136,-11.5,,
1781884359,1781884365,5.834990025,-133,-9.25,,
1781884364,1781884369,4.923229933,-136,-12,,
1781884369,1781884376,6.469229937,-131,-6.75,,
1781884379,1781884383,3.33769989,-137,-12.25,,
1781884400,1781884403,2.979490042,-133,-9.25,,
1781884410,1781884419,9.39399004,-140,-15,,
1781884415,1781884423,8.153479815,-142,-17.25,,
1781884420,1781884427,6.766200066,-132,-6.75,,
1781884431,1781884436,5.41305995,-131,-7.25,,
1781884436,1781884441,5.012919903,-133,-8.5,,
1781884446,1781884451,4.655560017,-132,-7.5,,
1781884451,1781884457,5.753560066,-134,-9.25,,
1781884471,1781884476,4.657439947,-130,-6,,
1781884482,1781884488,5.923240185,-134,-9.5,,
1781884487,1781884492,5.131839991,-134,-9.75,,
1781884497,1781884502,4.96502018,-134,-8.75,,
1781884502,1781884507,4.868210077,-133,-9.25,,
1781884507,1781884514,6.373999834,-136,-11.5,,
1781884517,1781884523,5.571850061,-138,-13.25,,
1781884523,1781884527,4.417399883,-135,-10.25,,
1781884528,1781884532,4.318930149,-138,-13.75,,
1781884533,1781884538,5.181090117,-132,-7.25,,
1781884543,1781884549,6.072870016,-132,-6.75,,
1781884553,1781884559,5.750380039,-136,-10.5,,
1781884558,1781884564,5.524280071,-137,-11,,
1781884569,1781884574,5.203229904,-135,-10.25,,
1781884574,1781884580,5.880490065,-134,-10.25,,
1781884584,1781884589,5.516829967,-138,-13,,
1781884589,1781884595,6.030089855,-133,-10.25,,
1781884599,1781884604,4.80591011,-132,-8,,
1781884604,1781884610,5.372649908,-138,-12.5,,
1781884610,1781884616,5.997800112,-139,-14,,
1781884620,1781884625,4.760720015,-132,-8.5,,
1781884625,1781884631,5.844079971,-133,-7.5,,
1781884630,1781884635,5.440890074,-138,-13.5,,
1781884635,1781884640,4.8443501,-138,-12.5,,
1781884640,1781884646,6.26019001,-135,-9.5,,
1781884650,1781884659,8.790930033,-134,-9,,
1781884661,1781884671,10.41166997,-139,-13.75,,
1781884666,1781884677,11.27513003,-131,-7,,
1781884671,1781884679,8.140969992,-135,-10.25,,
1781884676,1781884682,6.257839918,-135,-10.75,,
1781884686,1781884691,4.557399988,-133,-8.25,,
1781884691,1781884697,5.227020025,-133,-10,,
1781884696,1781884703,6.21344018,-132,-8.25,,
1781884712,1781884717,5.296639919,-133,-8,,
1781884717,1781884722,5.211560011,-135,-11.25,,
1781884722,1781884727,4.530780077,-135,-10,,
1781884727,1781884732,5.116609812,-133,-9.25,,
1781884737,1781884743,5.755389929,-141,-17,,
1781884743,1781884748,5.832030058,-136,-10.5,,
1781884753,1781884758,5.531419992,-128,-4.5,,
1781884758,1781884764,5.814139843,-135,-12.25,,
1781884763,1781884768,4.849009991,-137,-13,,
1781884773,1781884779,5.866379976,-135,-11.25,,
1781884778,1781884785,6.227339983,-134,-9.25,,
1781884783,1781884789,5.205790043,-139,-14.25,,
1781884789,1781884795,5.976089954,-138,-13,,
1781884794,1781884799,5.526090145,-134,-9.5,,
1781884799,1781884805,6.182729959,-137,-12.5,,
1781884804,1781884810,5.772300005,-136,-10.75,,
1781884809,1781884815,5.907429934,-133,-9.25,,
1781884824,1781884830,5.945940018,-132,-7.25,,
1781884829,1781884836,6.089809895,-132,-9,,
1781884835,1781884839,4.755539894,-131,-8,,
1781884855,1781884861,5.485030174,-137,-12.5,,
1781884876,1781884879,3.038069963,-133,-9.25,,
1781884881,1781884885,4.693160057,-131,-7.75,,
1781884886,1781884889,3.232670069,-136,-11,,
1781884891,1781884896,5.094500065,-140,-16,,
1781884896,1781884900,4.493510008,-136,-11.25,,
1781884906,1781884911,5.22040987,-140,-16,,
1781884911,1781884918,6.211769819,-141,-16.25,,
1781884916,1781884922,5.082190037,-135,-11,,
1781884922,1781884926,4.495409966,-138,-11.75,,
1781884927,1781884932,5.781570196,-142,-16.75,,
1781884937,1781884941,4.457470179,-139,-13.5,,
1781884942,1781884947,5.264559984,-137,-13,,
1781884952,1781884962,10.23039007,-140,-15.5,,
1781884957,1781884965,7.670589924,-136,-11.5,,
1781884962,1781884970,7.469009876,-135,-11,,
1781884968,1781884974,6.621119976,-130,-6.25,,
1781884973,1781884979,6.320899963,-134,-8.75,,
1781884983,1781884988,5.068760157,-137,-12.25,,
1781884988,1781884994,6.00199008,-131,-7,,
1781884993,1781884999,6.112659931,-135,-12,,
1781884998,1781885003,4.622900009,-133,-8.5,,
1781885009,1781885014,5.499539852,-132,-8.25,,
1781885014,1781885020,5.923609972,-129,-4.75,,
1781885019,1781885024,5.257349968,-134,-9.75,,
1781885024,1781885029,5.466690063,-136,-10.5,,
1781885039,1781885045,5.649330139,-134,-9,,
1781885044,1781885050,5.536370039,-132,-7.25,,
1781885049,1781885054,4.344079971,-133,-8,,
1781885055,1781885059,4.749249935,-133,-8,,
1781885060,1781885065,5.736759901,-136,-11.25,,
1781885065,1781885069,4.630659819,-135,-10.25,,
1781885075,1781885080,4.900610209,-132,-8,,
1781885080,1781885086,5.40440011,-136,-10.5,,
1781885095,1781885101,5.702629805,-136,-10.75,,
1781885111,1781885117,6.151690006,-133,-9,,
1781885116,1781885122,6.311299801,-132,-7.5,,
1781885121,1781885127,5.706060171,-139,-13.5,,
1781885126,1781885132,5.528640032,-138,-13.25,,
1781885131,1781885136,4.331660032,-143,-17.75,,
1781885136,1781885142,5.20991993,-135,-10.25,,
1781885141,1781885148,6.24360013,-136,-11.5,,
1781885147,1781885153,5.998950005,-138,-13.75,,
1781885152,1781885158,6.0223701,-136,-11.25,,
1781885162,1781885166,4.383680105,-131,-6.5,,
1781885167,1781885173,5.655409813,-135,-9.5,,
1781885177,1781885183,6.035699844,-136,-11,,
1781885182,1781885188,5.715850115,-134,-10.25,,
1781885193,1781885198,5.108340025,-137,-11.75,,
1781885203,1781885209,5.684310198,-133,-9.25,,
1781885208,1781885213,5.41602993,-131,-5.5,,
1781885228,1781885234,5.843790054,-132,-8.25,,
1781885234,1781885239,5.729089975,-135,-9.75,,
1781885239,1781885244,5.830150127,-136,-10.5,,
1781885259,1781885264,4.525090218,-135,-9.75,,
1781885280,1781885285,5.785619974,-132,-9.25,,
1781885285,1781885290,5.199249983,-136,-10.5,,
1781885290,1781885296,6.041490078,-135,-10,,
1781885315,1781885320,4.354859829,-131,-6.75,,
1781885320,1781885325,4.915910006,-132,-7.75,,
1781885326,1781885330,4.770580053,-131,-7,,
1781885331,1781885336,5.724940062,-135,-11.25,,
1781885336,1781885341,5.293220043,-131,-6.5,,
1781885341,1781885346,4.934400082,-132,-7,,
1781885351,1781885356,4.644449949,-135,-10.75,,
1781885361,1781885366,4.78599,-132,-8.25,,
1781885382,1781885387,5.442980051,-131,-7,,
1781885387,1781885392,4.897929907,-128,-4.75,,