number_of_nodes,number_of_nodes,number_of_nodes,number_of_nodes,timestamp,number_of_packets,simulation_time_ms,message_period_ms,path_loss_model,messages_created,packets_sent,potential_receivers,packets_sensed,packets_received,useful_receptions,duplicate_packets,collisions,packets_dropped_delay_or_hop_limit,mean_delay_ms,tx_air_utilization_rate,collision_rate,node_reach,usefulness,no_link_rate,total_directed_links,available_directed_links,unavailable_directed_links,transmissions_per_message,successful_decode_rate,average_nodes_reached_per_message
5,5,5,5,1785781155.038927,97,1800000,100000,6,48,97,388,192,191,96,95,1,47,2284.5049367862407,0.01123510044444445,0.005208333333333333,0.5,0.5026178010471204,0.0,6,6,0,2.0208333333333335,0.9947916666666666,2.0
5,5,5,5,1785781155.830435,97,1800000,100000,6,48,97,388,194,194,96,98,0,50,2597.0071455217667,0.01123510044444445,0.0,0.5,0.4948453608247423,0.0,6,6,0,2.0208333333333335,1.0,2.0
5,5,5,5,1785781156.6201,97,1800000,100000,6,48,97,388,192,191,96,95,1,47,2270.683115452408,0.01123510044444445,0.005208333333333333,0.5,0.5026178010471204,0.0,6,6,0,2.0208333333333335,0.9947916666666666,2.0
5,5,5,5,1785781157.454605,97,1800000,100000,6,48,97,388,194,194,96,98,0,51,3231.364517715619,0.01123510044444445,0.0,0.5,0.4948453608247423,0.0,6,6,0,2.0208333333333335,1.0,2.0
5,5,5,5,1785781158.2986019,97,1800000,100000,6,48,97,388,194,194,96,98,0,51,3128.929799532251,0.01123510044444445,0.0,0.5,0.4948453608247423,0.0,6,6,0,2.0208333333333335,1.0,2.0
5,5,5,5,1785781159.1068969,98,1800000,100000,6,48,98,392,196,196,96,100,0,53,3223.095835710507,0.011350926222222226,0.0,0.5,0.4897959183673469,0.0,6,6,0,2.0416666666666665,1.0,2.0
5,5,5,5,1785781159.989606,97,1800000,100000,6,48,97,388,192,191,96,95,1,47,2254.1200043290232,0.01123510044444445,0.005208333333333333,0.5,0.5026178010471204,0.0,6,6,0,2.0208333333333335,0.9947916666666666,2.0
5,5,5,5,1785781160.7691479,104,1800000,100000,6,48,104,416,200,200,96,104,0,51,2663.690585825858,0.012045880888888895,0.0,0.5,0.48,0.0,6,6,0,2.1666666666666665,1.0,2.0
5,5,5,5,1785781161.5401568,99,1800000,100000,6,48,99,396,198,198,96,102,0,51,3231.665054284518,0.011466752000000005,0.0,0.5,0.48484848484848486,0.0,6,6,0,2.0625,1.0,2.0
5,5,5,5,1785781162.8875442,98,1800000,100000,6,48,98,392,196,196,96,100,0,50,3165.2896867599206,0.011350926222222226,0.0,0.5,0.4897959183673469,0.0,6,6,0,2.0416666666666665,1.0,2.0
5,5,5,5,1785781164.4277241,97,1800000,100000,6,48,97,388,194,194,96,98,0,50,2743.589009546457,0.01123510044444445,0.0,0.5,0.4948453608247423,0.0,6,6,0,2.0208333333333335,1.0,2.0
5,5,5,5,1785781165.801245,97,1800000,100000,6,48,97,388,193,193,96,97,0,49,2240.504811285637,0.01123510044444445,0.0,0.5,0.49740932642487046,0.0,6,6,0,2.0208333333333335,1.0,2.0
5,5,5,5,1785781174.9641259,98,1800000,100000,6,48,98,392,194,193,96,97,1,49,2424.6068957217294,0.011350926222222226,0.005154639175257732,0.5,0.49740932642487046,0.0,6,6,0,2.0416666666666665,0.9948453608247423,2.0
5,5,5,5,1785781176.007008,104,1800000,100000,6,48,104,416,208,208,96,112,0,59,4454.963615011838,0.012045880888888895,0.0,0.5,0.46153846153846156,0.0,6,6,0,2.1666666666666665,1.0,2.0
5,5,5,5,1785781176.84648,103,1800000,100000,6,48,103,412,206,206,96,110,0,55,4329.648400921162,0.011930055111111115,0.0,0.5,0.46601941747572817,0.0,6,6,0,2.1458333333333335,1.0,2.0
5,5,5,5,1785781179.818602,99,1800000,100000,6,48,99,396,196,194,96,98,2,51,2676.8645770284147,0.011466752000000005,0.01020408163265306,0.5,0.4948453608247423,0.0,6,6,0,2.0625,0.9897959183673469,2.0
5,5,5,5,1785781181.444484,96,1800000,100000,6,48,96,384,192,192,96,96,0,48,2800.897426704995,0.011119274666666672,0.0,0.5,0.5,0.0,6,6,0,2.0,1.0,2.0
5,5,5,5,1785781182.285033,98,1800000,100000,6,48,98,392,194,192,96,96,2,49,2313.7209935821634,0.011350926222222226,0.010309278350515464,0.5,0.5,0.0,6,6,0,2.0416666666666665,0.9896907216494846,2.0
5,5,5,5,1785781183.060533,96,1800000,100000,6,48,96,384,192,192,96,96,0,48,2270.912901174476,0.011119274666666672,0.0,0.5,0.5,0.0,6,6,0,2.0,1.0,2.0
5,5,5,5,1785781183.842954,96,1800000,100000,6,48,96,384,192,192,96,96,0,48,2545.3196439518965,0.011119274666666672,0.0,0.5,0.5,0.0,6,6,0,2.0,1.0,2.0
7,7,7,7,1785781184.703124,167,1800000,100000,6,82,167,1002,668,668,328,340,0,256,3031.9665169962555,0.013816360634920642,0.0,0.6666666666666666,0.49101796407185627,0.0,20,20,0,2.0365853658536586,1.0,4.0
7,7,7,7,1785781185.5481129,168,1800000,100000,6,82,168,1008,672,672,328,344,0,255,2931.4674038997396,0.013899093333333341,0.0,0.6666666666666666,0.4880952380952381,0.0,20,20,0,2.048780487804878,1.0,4.0
7,7,7,7,1785781186.409719,171,1800000,100000,6,82,171,1026,682,678,328,350,4,254,3273.912532353592,0.014147291428571435,0.005865102639296188,0.6666666666666666,0.4837758112094395,0.0,20,20,0,2.0853658536585367,0.9941348973607038,4.0
7,7,7,7,1785781187.2719822,171,1800000,100000,6,82,171,1026,682,678,328,350,4,255,3293.1914461769684,0.014147291428571435,0.005865102639296188,0.6666666666666666,0.4837758112094395,0.0,20,20,0,2.0853658536585367,0.9941348973607038,4.0
7,7,7,7,1785781188.173103,170,1800000,100000,6,82,170,1020,678,672,328,344,6,260,3188.052827121097,0.014064558730158737,0.008849557522123894,0.6666666666666666,0.4880952380952381,0.0,20,20,0,2.073170731707317,0.9911504424778761,4.0
7,7,7,7,1785781189.013599,170,1800000,100000,6,83,170,1020,676,672,332,340,4,255,2534.1260396459134,0.014064558730158737,0.005917159763313609,0.6666666666666666,0.49404761904761907,0.0,20,20,0,2.0481927710843375,0.9940828402366864,4.0
7,7,7,7,1785781189.854762,172,1800000,100000,6,83,172,1032,686,681,332,349,5,262,3355.3282170689235,0.014230024126984134,0.007288629737609329,0.6666666666666666,0.48751835535976507,0.0,20,20,0,2.072289156626506,0.9927113702623906,4.0
7,7,7,7,1785781190.687495,171,1800000,100000,6,83,171,1026,684,684,332,352,0,255,3535.7588176336153,0.014147291428571435,0.0,0.6666666666666666,0.4853801169590643,0.0,20,20,0,2.0602409638554215,1.0,4.0
7,7,7,7,1785781191.5240252,175,1800000,100000,6,83,175,1050,692,674,332,342,18,255,2626.5600116343794,0.014478222222222229,0.02601156069364162,0.6666666666666666,0.49258160237388726,0.0,20,20,0,2.108433734939759,0.9739884393063584,4.0
7,7,7,7,1785781192.359987,166,1800000,100000,6,82,166,996,664,664,328,336,0,254,3100.697324009629,0.013733627936507944,0.0,0.6666666666666666,0.4939759036144578,0.0,20,20,0,2.024390243902439,1.0,4.0
7,7,7,7,1785781193.217719,175,1800000,100000,6,83,175,1050,694,682,332,350,12,258,3172.638496244191,0.014478222222222229,0.01729106628242075,0.6666666666666666,0.4868035190615836,0.0,20,20,0,2.108433734939759,0.9827089337175793,4.0
7,7,7,7,1785781194.092443,170,1800000,100000,6,82,170,1020,680,680,328,352,0,268,3534.0466169557553,0.014064558730158737,0.0,0.6666666666666666,0.4823529411764706,0.0,20,20,0,2.073170731707317,1.0,4.0
7,7,7,7,1785781195.0007539,167,1800000,100000,6,82,167,1002,664,658,328,330,6,245,2512.1468325474216,0.013816360634920642,0.009036144578313253,0.6666666666666666,0.49848024316109424,0.0,20,20,0,2.0365853658536586,0.9909638554216867,4.0
7,7,7,7,1785781195.9030468,173,1800000,100000,6,82,173,1038,686,671,328,343,15,249,2921.89965930953,0.014312756825396834,0.021865889212827987,0.6666666666666666,0.488822652757079,0.0,20,20,0,2.1097560975609757,0.978134110787172,4.0
7,7,7,7,1785781196.8493881,176,1800000,100000,6,83,176,1056,693,679,332,347,14,252,2676.298696588505,0.014560954920634929,0.020202020202020204,0.6666666666666666,0.4889543446244477,0.0,20,20,0,2.1204819277108435,0.9797979797979798,4.0
7,7,7,7,1785781197.706731,170,1800000,100000,6,83,170,1020,678,672,332,340,6,254,2626.1614362009723,0.014064558730158737,0.008849557522123894,0.6666666666666666,0.49404761904761907,0.0,20,20,0,2.0481927710843375,0.9911504424778761,4.0
7,7,7,7,1785781198.651219,173,1800000,100000,6,83,173,1038,688,676,332,344,12,261,3058.131137087789,0.014312756825396834,0.01744186046511628,0.6666666666666666,0.4911242603550296,0.0,20,20,0,2.0843373493975905,0.9825581395348837,4.0
7,7,7,7,1785781199.65801,167,1800000,100000,6,82,167,1002,664,656,328,328,8,246,2292.6261164146727,0.013816360634920642,0.012048192771084338,0.6666666666666666,0.5,0.0,20,20,0,2.0365853658536586,0.9879518072289156,4.0
7,7,7,7,1785781200.527031,173,1800000,100000,6,83,173,1038,687,674,332,342,9,253,2967.1836043631765,0.014230024126984134,0.013100436681222707,0.6666666666666666,0.49258160237388726,0.0,20,20,0,2.0843373493975905,0.9810771470160117,4.0
7,7,7,7,1785781201.3664021,168,1800000,100000,6,82,168,1008,672,672,328,344,0,255,3174.949676623979,0.013899093333333341,0.0,0.6666666666666666,0.4880952380952381,0.0,20,20,0,2.048780487804878,1.0,4.0
10,10,10,10,1785781202.654479,277,1800000,100000,6,131,277,2493,1935,1920,917,1003,15,833,4178.9103000651685,0.016041870222222226,0.007751937984496124,0.7777777777777778,0.47760416666666666,0.0,56,56,0,2.114503816793893,0.9922480620155039,7.0
10,10,10,10,1785781203.7883341,279,1800000,100000,6,131,279,2511,1940,1905,917,988,35,815,3325.005436503407,0.016157696000000006,0.01804123711340206,0.7777777777777778,0.48136482939632547,0.0,56,56,0,2.1297709923664123,0.9819587628865979,7.0
10,10,10,10,1785781204.9172978,289,1800000,100000,6,130,289,2601,2013,1979,910,1069,34,874,5514.863890779107,0.016736824888888897,0.01689021361152509,0.7777777777777778,0.45982819605861547,0.0,56,56,0,2.223076923076923,0.9831097863884749,7.0
10,10,10,10,1785781206.0558121,281,1800000,100000,6,131,281,2529,1953,1925,917,1008,28,845,3593.4700456599235,0.016273521777777782,0.014336917562724014,0.7777777777777778,0.4763636363636364,0.0,56,56,0,2.145038167938931,0.985663082437276,7.0
10,10,10,10,1785781207.166074,283,1800000,100000,6,131,283,2547,1969,1917,917,1000,52,847,3781.9255273746357,0.016389347555555565,0.026409344845099034,0.7777777777777778,0.47835159102764735,0.0,56,56,0,2.1603053435114505,0.973590655154901,7.0
10,10,10,10,1785781208.274761,274,1800000,100000,6,131,274,2466,1916,1908,917,991,8,819,3479.576325321904,0.015868131555555564,0.0041753653444676405,0.7777777777777778,0.4806079664570231,0.0,56,56,0,2.0916030534351147,0.9958246346555324,7.0
10,10,10,10,1785781209.488323,275,1800000,100000,6,130,275,2475,1920,1914,910,1004,6,835,4006.460639644964,0.015926044444444454,0.003125,0.7777777777777778,0.4754440961337513,0.0,56,56,0,2.1153846153846154,0.996875,7.0
10,10,10,10,1785781210.67381,276,1800000,100000,6,132,276,2484,1922,1871,924,947,44,807,2847.844227864188,0.015926044444444454,0.022892819979188347,0.7777777777777778,0.4938535542490647,0.0,56,56,0,2.090909090909091,0.9734651404786681,7.0
10,10,10,10,1785781211.786133,280,1800000,100000,6,131,280,2520,1949,1910,917,993,25,832,3157.686830151463,0.01609978311111112,0.012827090815802977,0.7777777777777778,0.4801047120418848,0.0,56,56,0,2.1374045801526718,0.9799897383273474,7.0
10,10,10,10,1785781212.996534,292,1800000,100000,6,131,292,2628,2015,1978,917,1061,37,850,3342.51620866063,0.016910563555555563,0.01836228287841191,0.7777777777777778,0.46359959555106167,0.0,56,56,0,2.2290076335877864,0.9816377171215881,7.0
10,10,10,10,1785781214.099339,278,1800000,100000,6,131,278,2502,1939,1915,917,998,24,817,3539.1377915673397,0.01609978311111112,0.012377514182568335,0.7777777777777778,0.47885117493472584,0.0,56,56,0,2.122137404580153,0.9876224858174316,7.0
10,10,10,10,1785781215.2208068,268,1800000,100000,6,131,268,2412,1876,1876,917,959,0,793,3512.4580538518167,0.01552065422222223,0.0,0.7777777777777778,0.48880597014925375,0.0,56,56,0,2.045801526717557,1.0,7.0
10,10,10,10,1785781216.335437,282,1800000,100000,6,130,282,2538,1958,1920,910,1010,38,812,3539.149050176321,0.016331434666666676,0.01940755873340143,0.7777777777777778,0.4739583333333333,0.0,56,56,0,2.169230769230769,0.9805924412665986,7.0
10,10,10,10,1785781217.5140932,282,1800000,100000,6,132,282,2538,1962,1894,924,970,61,818,3196.6150085902354,0.016273521777777782,0.03109072375127421,0.7777777777777778,0.48785638859556496,0.0,56,56,0,2.1363636363636362,0.9653414882772681,7.0
10,10,10,10,1785781218.6646788,285,1800000,100000,6,131,285,2565,1983,1917,917,1000,59,839,3916.6673315232065,0.01644726044444445,0.029752899646999495,0.7777777777777778,0.47835159102764735,0.0,56,56,0,2.1755725190839694,0.9667170953101362,7.0
10,10,10,10,1785781219.752615,277,1800000,100000,6,131,277,2493,1931,1893,917,976,38,824,3549.646724258119,0.016041870222222226,0.01967892283790782,0.7777777777777778,0.4844162704701532,0.0,56,56,0,2.114503816793893,0.9803210771620922,7.0
10,10,10,10,1785781221.1492858,273,1800000,100000,6,132,273,2457,1909,1900,924,976,9,820,3139.096921437557,0.015810218666666674,0.004714510214772132,0.7777777777777778,0.4863157894736842,0.0,56,56,0,2.0681818181818183,0.9952854897852279,7.0
10,10,10,10,1785781222.251494,275,1800000,100000,6,132,275,2475,1921,1891,917,974,16,822,3732.56802020219,0.015868131555555564,0.008328995314940135,0.7718855218855218,0.4849286092014807,0.0,56,56,0,2.0833333333333335,0.9843831337844873,6.946969696969697
10,10,10,10,1785781223.467998,301,1800000,100000,6,132,301,2709,2081,2003,924,1079,36,880,3845.5645142146723,0.017084302222222233,0.017299375300336376,0.7777777777777778,0.4613080379430854,0.0,56,56,0,2.2803030303030303,0.9625180201826046,7.0
10,10,10,10,1785781224.615786,296,1800000,100000,6,132,296,2664,2031,1983,924,1059,48,855,3206.613413015643,0.01714221511111112,0.023633677991137372,0.7777777777777778,0.4659606656580938,0.0,56,56,0,2.242424242424242,0.9763663220088626,7.0
12,12,12,12,1785781226.0314739,351,1800000,100000,6,162,351,3861,3146,3108,1458,1650,38,1404,4785.363550882625,0.016939520000000007,0.012078830260648443,0.8181818181818182,0.4691119691119691,0.0,90,90,0,2.1666666666666665,0.9879211697393515,9.0
12,12,12,12,1785781227.443897,350,1800000,100000,6,163,350,3850,3138,3070,1467,1603,68,1386,4462.901721329413,0.016891259259259266,0.021669853409815167,0.8181818181818182,0.4778501628664495,0.0,90,90,0,2.147239263803681,0.9783301465901848,9.0
12,12,12,12,1785781228.9892008,385,1800000,100000,6,163,385,4235,3405,3256,1467,1789,151,1456,4581.518928831834,0.018580385185185195,0.04434654919236417,0.8181818181818182,0.45055282555282555,0.0,90,90,0,2.361963190184049,0.9562408223201174,9.0
12,12,12,12,1785781230.676608,371,1800000,100000,6,164,371,4081,3298,3230,1476,1754,68,1414,3852.3030152078145,0.017904734814814822,0.020618556701030927,0.8181818181818182,0.4569659442724458,0.0,90,90,0,2.2621951219512195,0.979381443298969,9.0
12,12,12,12,1785781232.1464121,350,1800000,100000,6,163,350,3850,3138,3060,1467,1593,78,1356,3976.8856685091687,0.016891259259259266,0.0248565965583174,0.8181818181818182,0.47941176470588237,0.0,90,90,0,2.147239263803681,0.9751434034416826,9.0
12,12,12,12,1785781233.763864,406,1800000,100000,6,163,406,4466,3534,3429,1467,1962,105,1543,4532.908734961804,0.01959386074074075,0.029711375212224108,0.8181818181818182,0.42782152230971127,0.0,90,90,0,2.4907975460122698,0.9702886247877759,9.0
12,12,12,12,1785781235.263044,346,1800000,100000,6,163,346,3806,3104,3057,1467,1590,47,1378,4144.842164777669,0.016698216296296305,0.015141752577319588,0.8181818181818182,0.47988223748773307,0.0,90,90,0,2.1226993865030677,0.9848582474226805,9.0
12,12,12,12,1785781236.74773,355,1800000,100000,6,163,355,3905,3183,3132,1467,1665,51,1384,5037.511702685528,0.01713256296296297,0.016022620169651274,0.8181818181818182,0.46839080459770116,0.0,90,90,0,2.1779141104294477,0.9839773798303487,9.0
12,12,12,12,1785781238.2576718,390,1800000,100000,6,164,390,4290,3449,3300,1476,1824,113,1467,3869.4564606602326,0.018628645925925936,0.03276311974485358,0.8181818181818182,0.44727272727272727,0.0,90,90,0,2.3780487804878048,0.9567990721948391,9.0
12,12,12,12,1785781239.6919239,355,1800000,100000,6,163,355,3905,3181,3112,1467,1645,69,1404,4675.719084785194,0.01713256296296297,0.02169129204652625,0.8181818181818182,0.47140102827763497,0.0,90,90,0,2.1779141104294477,0.9783087079534738,9.0
12,12,12,12,1785781241.331718,386,1800000,100000,6,162,386,4246,3460,3379,1458,1921,81,1600,9796.628244012847,0.018628645925925936,0.023410404624277455,0.8181818181818182,0.43148860609647827,0.0,90,90,0,2.382716049382716,0.9765895953757225,9.0
12,12,12,12,1785781242.770299,362,1800000,100000,6,164,362,3982,3230,3084,1476,1608,146,1372,3391.8226069843217,0.017470388148148157,0.04520123839009288,0.8181818181818182,0.4785992217898833,0.0,90,90,0,2.207317073170732,0.9547987616099072,9.0
12,12,12,12,1785781244.263841,378,1800000,100000,6,163,378,4158,3356,3285,1467,1818,71,1472,4648.181940264776,0.01824256000000001,0.021156138259833136,0.8181818181818182,0.4465753424657534,0.0,90,90,0,2.3190184049079754,0.9788438617401669,9.0
12,12,12,12,1785781245.7716422,386,1800000,100000,6,163,386,4246,3418,3382,1467,1915,36,1563,5665.432075669838,0.018628645925925936,0.010532475131655939,0.8181818181818182,0.43376700177409816,0.0,90,90,0,2.3680981595092025,0.9894675248683441,9.0
12,12,12,12,1785781247.240628,346,1800000,100000,6,163,346,3806,3108,3077,1467,1610,31,1379,4505.519453002887,0.016698216296296305,0.009974259974259974,0.8181818181818182,0.4767630809229769,0.0,90,90,0,2.1226993865030677,0.9900257400257401,9.0
12,12,12,12,1785781248.751793,354,1800000,100000,6,164,354,3894,3161,3096,1475,1621,65,1401,3424.088795963491,0.017084302222222233,0.020563112938943372,0.8176274944567627,0.47642118863049093,0.0,90,90,0,2.158536585365854,0.9794368870610566,8.99390243902439
12,12,12,12,1785781250.2217028,361,1800000,100000,6,162,361,3971,3238,3199,1458,1741,39,1472,6324.831796708305,0.017422127407407416,0.012044471896232242,0.8181818181818182,0.4557674273210378,0.0,90,90,0,2.228395061728395,0.9879555281037677,9.0
12,12,12,12,1785781251.645303,351,1800000,100000,6,163,351,3861,3144,3082,1467,1615,62,1402,4375.454670235676,0.016939520000000007,0.019720101781170483,0.8181818181818182,0.47598961713173266,0.0,90,90,0,2.1533742331288344,0.9802798982188295,9.0
12,12,12,12,1785781253.137449,364,1800000,100000,6,163,364,4004,3262,3170,1467,1703,83,1458,5730.518140041946,0.017518648888888898,0.025444512568976087,0.8181818181818182,0.46277602523659306,0.0,90,90,0,2.233128834355828,0.9717964438994482,9.0
12,12,12,12,1785781254.67982,378,1800000,100000,6,163,378,4158,3375,3303,1467,1836,72,1479,6180.369277263407,0.01824256000000001,0.021333333333333333,0.8181818181818182,0.444141689373297,0.0,90,90,0,2.3190184049079754,0.9786666666666667,9.0
14,14,14,14,1785781256.706945,431,1800000,100000,6,191,431,5603,4731,4611,2101,2510,43,2167,7115.708477629153,0.01753933206349207,0.009088987529063623,0.8461538461538461,0.4556495337237042,0.0,132,132,0,2.256544502617801,0.9746353836398225,11.0
14,14,14,14,1785781258.989104,448,1800000,100000,6,191,448,5824,4885,4672,2101,2571,213,2138,5224.557451796125,0.018532124444444454,0.0436028659160696,0.8461538461538461,0.4497003424657534,0.0,132,132,0,2.345549738219895,0.9563971340839303,11.0
14,14,14,14,1785781261.020146,426,1800000,100000,6,191,426,5538,4672,4579,2101,2478,93,2101,5832.246623285417,0.01762206476190477,0.01990582191780822,0.8461538461538461,0.4588338065079712,0.0,132,132,0,2.230366492146597,0.9800941780821918,11.0
14,14,14,14,1785781263.011689,445,1800000,100000,6,191,445,5785,4884,4778,2101,2677,73,2240,8426.092197105663,0.01828392634920636,0.014946764946764947,0.8461538461538461,0.4397237337798242,0.0,132,132,0,2.329842931937173,0.9782964782964783,11.0
14,14,14,14,1785781265.04563,434,1800000,100000,6,191,434,5642,4763,4719,2101,2618,44,2226,7178.455569962182,0.017952995555555563,0.009237875288683603,0.8461538461538461,0.44522144522144524,0.0,132,132,0,2.2722513089005236,0.9907621247113164,11.0
14,14,14,14,1785781267.0941849,443,1800000,100000,6,188,443,5759,4861,4802,2068,2734,59,2249,9111.160398340318,0.01832529269841271,0.012137420283892203,0.8461538461538461,0.4306538942107455,0.0,132,132,0,2.356382978723404,0.9878625797161078,11.0
14,14,14,14,1785781269.033665,437,1800000,100000,6,190,437,5681,4776,4648,2090,2558,128,2200,5759.865644579726,0.018077094603174613,0.02680067001675042,0.8461538461538461,0.4496557659208262,0.0,132,132,0,2.3,0.9731993299832495,11.0
14,14,14,14,1785781270.949891,430,1800000,100000,6,191,430,5590,4713,4616,2101,2515,97,2091,5505.395697684721,0.01778753015873017,0.020581370676851264,0.8461538461538461,0.45515597920277295,0.0,132,132,0,2.25130890052356,0.9794186293231487,11.0
14,14,14,14,1785781272.936342,444,1800000,100000,6,191,444,5772,4859,4670,2101,2569,189,2148,6421.868929933145,0.018366659047619055,0.03889689236468409,0.8461538461538461,0.4498929336188437,0.0,132,132,0,2.324607329842932,0.9611031076353159,11.0
14,14,14,14,1785781274.887993,438,1800000,100000,6,191,438,5694,4784,4690,2101,2589,94,2149,5864.100695578455,0.01811846095238096,0.019648829431438128,0.8461538461538461,0.44797441364605545,0.0,132,132,0,2.2931937172774868,0.9803511705685619,11.0
14,14,14,14,1785781277.043822,473,1800000,100000,6,190,473,6149,5163,5065,2090,2975,98,2362,9656.585403971785,0.019566283174603183,0.018981212473368196,0.8461538461538461,0.4126357354392892,0.0,132,132,0,2.4894736842105263,0.9810187875266319,11.0
14,14,14,14,1785781279.131872,456,1800000,100000,6,191,456,5928,4965,4897,2101,2796,68,2281,6841.430021391457,0.018863055238095245,0.013695871097683786,0.8461538461538461,0.42903818664488463,0.0,132,132,0,2.387434554973822,0.9863041289023162,11.0
14,14,14,14,1785781281.316136,482,1800000,100000,6,191,482,6266,5225,5090,2101,2989,135,2368,8176.0181434963315,0.019938580317460326,0.02583732057416268,0.8461538461538461,0.41277013752455793,0.0,132,132,0,2.5235602094240837,0.9741626794258373,11.0
14,14,14,14,1785781283.528094,483,1800000,100000,6,189,483,6279,5252,5231,2079,3152,21,2495,12081.082833686718,0.019979946666666675,0.003998476770753999,0.8461538461538461,0.3974383483081629,0.0,132,132,0,2.5555555555555554,0.996001523229246,11.0
14,14,14,14,1785781285.5570428,458,1800000,100000,6,191,458,5954,4980,4674,2101,2573,306,2167,4794.052340754344,0.018945787936507946,0.06144578313253012,0.8461538461538461,0.4495079161317929,0.0,132,132,0,2.397905759162304,0.9385542168674699,11.0
14,14,14,14,1785781288.001834,434,1800000,100000,6,191,434,5642,4739,4610,2101,2509,129,2134,5530.113990978019,0.017952995555555566,0.027220932686220722,0.8461538461538461,0.45574837310195226,0.0,132,132,0,2.2722513089005236,0.9727790673137793,11.0
14,14,14,14,1785781290.116642,432,1800000,100000,6,190,432,5616,4742,4684,2090,2594,58,2187,7748.938421764999,0.017870262857142865,0.012231126107127795,0.8461538461538461,0.446199829205807,0.0,132,132,0,2.2736842105263158,0.9877688738928722,11.0
14,14,14,14,1785781292.230966,471,1800000,100000,6,191,471,6123,5125,4950,2101,2849,164,2330,8573.473424017135,0.019442184126984136,0.032,0.8461538461538461,0.42444444444444446,0.0,132,132,0,2.4659685863874348,0.9658536585365853,11.0
14,14,14,14,1785781294.231689,434,1800000,100000,6,189,434,5642,4744,4635,2079,2556,109,2166,6996.772020001204,0.017952995555555566,0.022976391231028667,0.8461538461538461,0.44854368932038835,0.0,132,132,0,2.2962962962962963,0.9770236087689713,11.0
14,14,14,14,1785781296.598243,479,1800000,100000,6,190,479,6227,5163,4947,2090,2857,216,2320,5932.167428100845,0.01981448126984128,0.041836141778036025,0.8461538461538461,0.4224782696583788,0.0,132,132,0,2.5210526315789474,0.9581638582219639,11.0
17,17,17,17,1785781301.878863,903,1800000,100000,6,231,903,14448,12638,10909,3192,7717,35,6399,39921.239912199184,0.026639928888888904,0.002769425542016142,0.8636363636363636,0.29260243835365296,0.0,210,210,0,3.909090909090909,0.8631903782244026,13.818181818181818
17,17,17,17,1785781307.3081899,965,1800000,100000,6,230,965,15440,13504,11120,3108,8012,60,6973,52934.86991411705,0.02725312418300655,0.004443127962085308,0.8445652173913043,0.27949640287769784,0.0,210,210,0,4.195652173913044,0.8234597156398105,13.513043478260869
17,17,17,17,1785781311.7811,696,1800000,100000,6,244,696,11136,9659,9510,3416,6094,149,4787,17212.708191196038,0.0237102180392157,0.015426027539082721,0.875,0.35920084121976864,0.0,210,210,0,2.8524590163934427,0.9845739724609173,14.0
17,17,17,17,1785781315.9904199,683,1800000,100000,6,241,683,10928,9453,9221,3374,5847,232,4606,13421.019712148838,0.023267354771241838,0.024542473288902994,0.875,0.3659039149766837,0.0,210,210,0,2.8340248962655603,0.975457526711097,14.0
17,17,17,17,1785781321.002694,765,1800000,100000,6,236,765,12240,10696,10410,3304,7106,104,5940,34638.43610455018,0.025617936732026156,0.009723261032161555,0.875,0.31738712776176753,0.0,210,210,0,3.2415254237288136,0.9732610321615557,14.0
17,17,17,17,1785781324.708259,607,1800000,100000,6,246,607,9712,8467,8335,3444,4891,132,4059,9833.437022610151,0.020678307973856218,0.015589937404039212,0.875,0.4131973605278944,0.0,210,210,0,2.467479674796748,0.9844100625959608,14.0
17,17,17,17,1785781328.520122,630,1800000,100000,6,242,630,10080,8798,8705,3388,5317,95,4418,14696.926971873734,0.02146183529411766,0.010797908615594454,0.875,0.38920160827110856,0.0,210,210,0,2.603305785123967,0.9894294157763128,14.0
17,17,17,17,1785781332.630364,665,1800000,100000,6,243,665,10640,9288,9169,3402,5767,91,4657,16417.598686452267,0.02258602666666668,0.00979758828596038,0.875,0.37103282800741627,0.0,210,210,0,2.736625514403292,0.9871877691645133,14.0
17,17,17,17,1785781336.626505,650,1800000,100000,6,243,650,10400,9057,8958,3402,5556,99,4447,14968.33971833421,0.02214316339869282,0.01093077177873468,0.875,0.3797722705961152,0.0,210,210,0,2.674897119341564,0.9890692282212653,14.0
17,17,17,17,1785781340.7521129,674,1800000,100000,6,243,674,10784,9414,9153,3402,5751,192,4671,16499.304337603924,0.02279042509803923,0.020395156150414276,0.875,0.37168141592920356,0.0,210,210,0,2.7736625514403292,0.9722753346080306,14.0
17,17,17,17,1785781345.063267,695,1800000,100000,6,243,695,11120,9698,9403,3388,6015,71,4920,19680.75796490515,0.023131089150326807,0.007321097133429573,0.8713991769547325,0.36031053918962036,0.0,210,210,0,2.860082304526749,0.9695813569808208,13.94238683127572
17,17,17,17,1785781349.0746932,646,1800000,100000,6,245,646,10336,9022,8804,3430,5374,218,4386,13802.683501609883,0.022006897777777788,0.024163156727998226,0.875,0.38959563834620625,0.0,210,210,0,2.636734693877551,0.9758368432720018,14.0
17,17,17,17,1785781354.477242,868,1800000,100000,6,233,868,13888,12134,10907,3220,7687,121,6407,38535.451869953016,0.026912460130718966,0.009971979561562552,0.8637339055793991,0.2952232511231319,0.0,210,210,0,3.725321888412017,0.8988791824625021,13.819742489270386
17,17,17,17,1785781359.104214,713,1800000,100000,6,240,713,11408,9943,9823,3360,6463,120,5138,24900.566902811024,0.02428934692810459,0.012068792115055817,0.875,0.3420543622111371,0.0,210,210,0,2.970833333333333,0.9879312078849442,14.0
17,17,17,17,1785781363.3963149,693,1800000,100000,6,242,693,11088,9683,9459,3388,6071,100,4892,19462.868507101302,0.0233014211764706,0.010327377878756584,0.875,0.3581773971878634,0.0,210,210,0,2.8636363636363638,0.9768666735515853,14.0
17,17,17,17,1785781367.557538,669,1800000,100000,6,245,669,10704,9315,9140,3430,5710,175,4548,14866.883537489368,0.02279042509803923,0.01878690284487386,0.875,0.37527352297593,0.0,210,210,0,2.730612244897959,0.9812130971551262,14.0
17,17,17,17,1785781373.036599,904,1800000,100000,6,228,904,14464,12654,11310,3150,8160,0,7041,49419.00056454503,0.027525655424836613,0.0,0.8634868421052632,0.27851458885941643,0.0,210,210,0,3.9649122807017543,0.8937885253674728,13.81578947368421
17,17,17,17,1785781376.649964,613,1800000,100000,6,247,613,9808,8520,8252,3458,4794,268,3983,9285.379008047712,0.02088270640522877,0.03145539906103286,0.875,0.41904992729035384,0.0,210,210,0,2.4817813765182186,0.9685446009389671,14.0
17,17,17,17,1785781381.232209,725,1800000,100000,6,241,725,11600,9866,9717,3369,6348,149,5070,18888.793430684564,0.024698143790849687,0.015102371781877153,0.8737033195020747,0.34671194813213957,0.01904761904761905,210,206,4,3.008298755186722,0.9848976282181229,13.979253112033195
17,17,17,17,1785781385.138912,640,1800000,100000,6,246,640,10240,8902,8717,3444,5273,173,4309,12238.589351725246,0.02176843294117648,0.019433835093237473,0.875,0.3950900539176322,0.0,210,210,0,2.6016260162601625,0.9792181532239946,14.0
22,22,22,22,1785781396.387427,1544,1800000,100000,6,283,1544,32424,29333,19108,4921,14187,22,13408,111151.56600813223,0.02653463272727274,0.000750008522824123,0.8280329799764429,0.2575361105296211,0.0,380,380,0,5.455830388692579,0.6514164933692428,17.3886925795053
22,22,22,22,1785781408.0095098,1593,1800000,100000,6,281,1593,33453,30249,19684,4959,14725,21,13862,108789.89713269277,0.027350677979797993,0.0006942378260438362,0.8403660396542959,0.2519305019305019,0.0,380,380,0,5.669039145907473,0.6507322556117557,17.647686832740213
22,22,22,22,1785781419.322044,1499,1800000,100000,6,286,1499,31479,28456,19103,4978,14125,24,13199,104482.67639286138,0.02653463272727274,0.0008434073657576609,0.8288378288378289,0.26058734230225616,0.0,380,380,0,5.241258741258742,0.6713171211695249,17.405594405594407
22,22,22,22,1785781431.012405,1601,1800000,100000,6,290,1601,33621,30336,19675,5129,14546,48,13563,97699.89969294031,0.027429650101010117,0.0015822784810126582,0.8422003284072249,0.2606861499364676,0.0,380,380,0,5.520689655172414,0.6485693565400844,17.686206896551724
22,22,22,22,1785781442.401215,1647,1800000,100000,6,285,1647,34587,31287,19052,4826,14226,0,13463,126770.42265128199,0.02642933656565658,0.0,0.8063492063492064,0.25330673944992654,0.0,380,380,0,5.778947368421052,0.6089430114744143,16.933333333333334
22,22,22,22,1785781454.167495,1608,1800000,100000,6,286,1608,33768,30483,19578,4959,14619,45,13681,106996.5648944475,0.027271705858585876,0.0014762326542663124,0.8256743256743256,0.25329451425068955,0.0,380,380,0,5.6223776223776225,0.6422596201161302,17.33916083916084
22,22,22,22,1785781465.7656991,1597,1800000,100000,6,286,1597,33537,30302,19480,4883,14597,32,13636,119019.34302348405,0.027087437575757593,0.0010560359052207775,0.813020313020313,0.25066735112936345,0.0,380,380,0,5.583916083916084,0.6428618573031483,17.073426573426573
22,22,22,22,1785781477.168014,1738,1800000,100000,6,283,1738,36498,33019,18864,4636,14228,0,13453,145693.54582934084,0.026166096161616175,0.0,0.7800774019855292,0.24575911789652247,0.0,380,380,0,6.141342756183746,0.5713074290559981,16.381625441696112
22,22,22,22,1785781489.402876,1501,1800000,100000,6,278,1501,31521,28409,20018,4902,15116,65,13914,104441.9118684683,0.027956130909090923,0.002288007321623429,0.8396711202466598,0.24487960835248276,0.0,380,380,0,5.399280575539568,0.7046358548347355,17.633093525179856
22,22,22,22,1785781500.8377879,1582,1800000,100000,6,288,1582,33222,29955,19241,4995,14246,26,13051,102408.53388110735,0.026850521212121226,0.0008679686195960608,0.8258928571428571,0.2596018917935658,0.0,380,380,0,5.493055555555555,0.642330161909531,17.34375
22,22,22,22,1785781513.3561118,1651,1800000,100000,6,283,1651,34671,31365,19091,4864,14227,20,13460,123202.77383891137,0.0265083086868687,0.000637653435357883,0.8184418643782602,0.2547797391440993,0.0,380,380,0,5.833922261484099,0.6086720867208673,17.187279151943464
22,22,22,22,1785781529.41905,1738,1800000,100000,6,283,1738,36498,32893,20141,4845,15296,126,14370,124050.92067204461,0.028272019393939408,0.003830602255799106,0.8152448258455326,0.24055409363983912,0.0,380,380,0,6.141342756183746,0.6123187304289667,17.120141342756185
22,22,22,22,1785781546.828481,1668,1800000,100000,6,286,1668,35028,31676,19212,4674,14538,0,13555,142945.47173996211,0.026666252929292943,0.0,0.7782217782217782,0.24328544659587759,0.0,380,380,0,5.8321678321678325,0.6065159742391716,16.342657342657343
22,22,22,22,1785781560.505701,1590,1800000,100000,6,287,1590,33390,30189,19345,4940,14405,0,13475,112264.45644954155,0.026850521212121226,0.0,0.819644931143189,0.25536314293098994,0.0,380,380,0,5.54006968641115,0.6407963165391368,17.21254355400697
22,22,22,22,1785781574.535038,1597,1800000,100000,6,286,1597,33537,30221,19308,4920,14388,48,13345,109750.11267178276,0.02700846545454547,0.0015882995268190992,0.8191808191808192,0.254816656308266,0.0,380,380,0,5.583916083916084,0.6388934846629827,17.202797202797203
22,22,22,22,1785781588.804684,1548,1800000,100000,6,285,1548,32508,29279,19870,5149,14721,96,13422,87834.36735406371,0.02785083474747476,0.0032788005054817447,0.8603174603174604,0.2591343734272773,0.0,380,380,0,5.431578947368421,0.6786433962908569,18.066666666666666
22,22,22,22,1785781602.0667741,1556,1800000,100000,6,285,1556,32676,29547,19534,4959,14575,21,13598,106463.34685403886,0.027140085656565668,0.0007107320540156361,0.8285714285714286,0.25386505580014335,0.0,380,380,0,5.459649122807018,0.6611161877686398,17.4
22,22,22,22,1785781614.704601,1489,1800000,100000,6,287,1489,31269,28099,19414,5033,14381,45,13325,97067.35451927091,0.02721905777777779,0.0016014804797323749,0.835075493612079,0.25924590501699807,0.0,380,380,0,5.188153310104529,0.6909142674116516,17.536585365853657
22,22,22,22,1785781627.3801348,1489,1800000,100000,6,287,1489,31269,28252,19511,5073,14438,23,13378,93422.37396853552,0.027140085656565668,0.0008141016565198924,0.8417122946739671,0.26000717543949564,0.0,380,380,0,5.188153310104529,0.6906059747982444,17.67595818815331
22,22,22,22,1785781643.869537,1649,1800000,100000,6,286,1649,34629,31226,19441,4921,14520,0,13671,117881.26525655286,0.027087437575757593,0.0,0.8193473193473193,0.25312483925723983,0.0,380,380,0,5.765734265734266,0.6225901492346122,17.206293706293707
32,32,32,32,1785781679.424088,3886,1800000,100000,6,399,3886,120466,112203,33503,8554,24949,62,24357,249449.84036735533,0.021120106666666676,0.0005525698956355891,0.6915676287492926,0.25532041906694924,0.0,870,870,0,9.739348370927319,0.29859272924966357,21.43859649122807
32,32,32,32,1785781712.532248,4085,1800000,100000,6,402,4085,126635,118298,32983,8437,24546,37,23981,266613.09512753115,0.02066766222222223,0.00031276944665167627,0.6770181351307977,0.25579844162144133,0.0,870,870,0,10.161691542288557,0.27881282861924966,20.987562189054728
32,32,32,32,1785781745.911493,4080,1800000,100000,6,398,4080,126480,118213,33495,8526,24969,69,24506,256214.32733385626,0.020975324444444454,0.0005836921489176317,0.6910358242827038,0.2545454545454545,0.0,870,870,0,10.251256281407036,0.28334447142023295,21.42211055276382
32,32,32,32,1785781779.0535529,3895,1800000,100000,6,399,3895,120745,112591,33361,8523,24838,112,24321,245402.36417852144,0.02104771555555557,0.0009947509125951453,0.6890613630851322,0.25547795329876205,0.0,870,870,0,9.761904761904763,0.29630254638470216,21.360902255639097
32,32,32,32,1785781811.157749,4036,1800000,100000,6,397,4036,125116,117004,33150,8439,24711,71,24268,260791.20710176355,0.020758151111111123,0.0006068168609620184,0.6857073210368083,0.2545701357466063,0.0,870,870,0,10.16624685138539,0.28332364705480156,21.256926952141058
32,32,32,32,1785781844.534817,4025,1800000,100000,6,397,4025,124775,116290,33813,8555,25258,131,24613,253241.38628189833,0.021319182222222233,0.0011264941095537019,0.6951328512228813,0.25300919764587587,0.0,870,870,0,10.138539042821158,0.29076446813999485,21.54911838790932
32,32,32,32,1785781876.308141,4031,1800000,100000,6,398,4031,124961,116895,32479,8265,24214,0,23830,270476.2489877073,0.0202876088888889,0.0,0.6698816663964986,0.2544721204470581,0.0,870,870,0,10.128140703517587,0.2778476410453826,20.766331658291456
32,32,32,32,1785781911.497868,4129,1800000,100000,6,398,4129,127999,119691,32681,8265,24416,37,23897,267931.8744652773,0.0204504888888889,0.0003091293413874059,0.6698816663964986,0.25289923808940973,0.0,870,870,0,10.374371859296483,0.27304475691572466,20.766331658291456
32,32,32,32,1785781943.9275231,3913,1800000,100000,6,402,3913,121303,112989,33344,8552,24792,66,24279,247253.05232544162,0.02099342222222223,0.0005841276584446273,0.6862461884127748,0.2564779270633397,0.0022988505747126436,870,868,2,9.733830845771145,0.2951083733814796,21.27363184079602
32,32,32,32,1785781976.5191941,4098,1800000,100000,6,397,4098,127038,118611,33300,8350,24950,191,24377,264844.2525272782,0.02099342222222223,0.001610305958132045,0.6784756642561144,0.25075075075075076,0.0,870,870,0,10.32241813602015,0.2807496775172623,21.03274559193955
32,32,32,32,1785782008.458143,3890,1800000,100000,6,397,3890,120590,112791,32702,8265,24437,0,23987,264442.93792225793,0.020414293333333344,0.0,0.6715690257576988,0.2527368356675433,0.0,870,870,0,9.798488664987406,0.28993448058799015,20.818639798488665
32,32,32,32,1785782039.920831,3847,1800000,100000,6,397,3847,119257,111510,32836,8323,24513,0,24037,260974.44658574165,0.020522880000000007,0.0,0.6762817908507354,0.2534717992447314,0.0,870,870,0,9.690176322418136,0.2944668639583894,20.964735516372794
32,32,32,32,1785782072.670412,3933,1800000,100000,6,398,3933,121923,113835,33190,8468,24722,0,24296,253993.88550829346,0.020794346666666675,0.0,0.6863349003079916,0.2551370894847846,0.0,870,870,0,9.881909547738694,0.29156234901392364,21.276381909547737
32,32,32,32,1785782104.366645,3886,1800000,100000,6,397,3886,120466,112651,32925,8352,24573,0,24084,263129.9445370791,0.020559075555555566,0.0,0.6786381733972536,0.2536674259681093,0.0,870,870,0,9.788413098236775,0.29227436951292046,21.037783375314863
32,32,32,32,1785782142.394182,3809,1800000,100000,6,401,3809,118079,110364,33565,8555,25010,0,24522,246414.57656620067,0.020975324444444454,0.0,0.6881988576944735,0.2548785937732757,0.0,870,870,0,9.498753117206983,0.3041299699177268,21.33416458852868
32,32,32,32,1785782174.033838,3960,1800000,100000,6,398,3960,122760,114819,32470,8352,24118,0,23688,258691.92453340956,0.02026951111111112,0.0,0.676933052358567,0.25722205112411456,0.0,870,870,0,9.949748743718592,0.28279291754848934,20.984924623115578
32,32,32,32,1785782216.773407,3876,1800000,100000,6,398,3876,120156,111900,34147,8669,25478,39,24951,242896.0588972408,0.021482062222222233,0.0003485254691689008,0.7026260333927703,0.253872961021466,0.0,870,870,0,9.738693467336683,0.3051563896336014,21.781407035175878
32,32,32,32,1785782253.044868,3788,1800000,100000,6,397,3788,117428,109660,33516,8351,25165,0,24586,252350.07186128557,0.02099342222222223,0.0,0.678556918826684,0.24916457811194653,0.0,870,870,0,9.541561712846347,0.30563560094838593,21.035264483627206
32,32,32,32,1785782284.393617,3973,1800000,100000,6,398,3973,123163,115155,33919,8758,25161,43,24744,246436.9613561251,0.021228693333333343,0.00037340975207329253,0.7098395201815529,0.2582033668445414,0.0,870,870,0,9.982412060301508,0.2945508228040467,22.00502512562814
32,32,32,32,1785782313.519135,3992,1800000,100000,6,397,3992,123752,115658,32727,8322,24405,35,23944,266037.12771349895,0.02050478222222223,0.0003026163343651109,0.6762005362801657,0.2542854523787698,0.0,870,870,0,10.055415617128464,0.28296356499334246,20.962216624685137
52,52,52,52,1785782413.4509802,10898,1800000,100000,6,665,10898,555798,532980,63303,16121,47182,128,46720,483056.31730020646,0.014467085128205135,0.00024015910540733235,0.47533539731682145,0.25466407595216656,0.0,2450,2450,0,16.38796992481203,0.11877181132500282,24.242105263157896
52,52,52,52,1785782524.836799,11003,1800000,100000,6,664,11003,561153,537441,63394,16166,47228,566,46443,486742.0460574319,0.014634141538461544,0.0010531388561721194,0.477380108669974,0.25500836041265734,0.0,2450,2450,0,16.57078313253012,0.11795527322999176,24.346385542168676
52,52,52,52,1785782624.222504,11080,1800000,100000,6,665,11080,565080,542224,63346,16315,47031,117,46523,488420.3020071655,0.014444810940170945,0.0002157779810557998,0.48105558012678756,0.25755375240741324,0.0,2450,2450,0,16.661654135338345,0.11682625630735637,24.533834586466167
52,52,52,52,1785782724.0368981,11133,1800000,100000,6,664,11133,567783,543669,63447,16410,47037,235,46360,483936.6260155778,0.014556181880341888,0.00043224829813728573,0.48458540042523035,0.25864107049978724,0.0008163265306122449,2450,2448,2,16.76656626506024,0.11670152243368667,24.71385542168675
52,52,52,52,1785782837.3771698,10802,1800000,100000,6,665,10802,550902,528018,63102,16070,47032,254,46353,487907.99655001855,0.014478222222222227,0.0004810442068262824,0.4738316379183252,0.25466704700326454,0.0,2450,2450,0,16.24360902255639,0.11950728952422077,24.165413533834588
52,52,52,52,1785782947.111865,10960,1800000,100000,6,664,10960,558960,536566,63014,16169,46845,0,46406,483116.96294229804,0.014355714188034193,0.0,0.47746869832270256,0.2565937728123909,0.0,2450,2450,0,16.50602409638554,0.11743942031362405,24.35090361445783
52,52,52,52,1785783063.4953291,11188,1800000,100000,6,666,11188,570588,547205,64022,16460,47562,151,47027,480425.2518831899,0.014634141538461544,0.00027594777094507543,0.48460224930813167,0.25709912217675174,0.0,2450,2450,0,16.7987987987988,0.11699819994334847,24.714714714714713
52,52,52,52,1785783218.7068212,10965,1800000,100000,6,665,10965,559215,536147,63731,16364,47367,121,46743,483848.5752994853,0.01456731897435898,0.0002256843738750753,0.48250036856848,0.25676672263105865,0.0,2450,2450,0,16.48872180451128,0.11886851926803657,24.60751879699248
52,52,52,52,1785783344.1194298,11008,1800000,100000,6,665,11008,561408,538008,63525,16314,47211,338,46843,482740.3906908571,0.014578456068376074,0.0006282434461941087,0.4810260946483857,0.25681227863046047,0.0016326530612244899,2450,2446,4,16.553383458646618,0.11807445242449927,24.532330827067668
52,52,52,52,1785783477.1002262,10785,1800000,100000,6,664,10785,550035,527531,63031,15876,47155,0,46554,486410.8396582469,0.014377988376068383,0.0,0.46881644223954644,0.2518760609858641,0.0,2450,2450,0,16.242469879518072,0.11948302564209497,23.90963855421687
52,52,52,52,1785783598.807591,10733,1800000,100000,6,664,10733,547383,525696,62902,16072,46830,73,46368,486531.60242958553,0.014333440000000008,0.00013886352568785002,0.47460429955114575,0.2555085688849321,0.0,2450,2450,0,16.164156626506024,0.11965470538105673,24.204819277108435
52,52,52,52,1785783713.719264,11085,1800000,100000,6,665,11085,565335,542658,63325,16170,47155,84,46602,489859.58408833004,0.014444810940170945,0.00015479362692524573,0.47678018575851394,0.2553493880773786,0.0,2450,2450,0,16.669172932330827,0.11669412410763316,24.31578947368421
52,52,52,52,1785783836.258799,11109,1800000,100000,6,664,11109,566559,543138,63230,16461,46769,60,46342,477389.7298731824,0.014444810940170945,0.00011046916253327883,0.48609142452161586,0.26033528388423216,0.0,2450,2450,0,16.73042168674699,0.11641608578298701,24.79066265060241
52,52,52,52,1785783955.607153,11118,1800000,100000,6,665,11118,567018,544395,63196,16218,46978,58,46480,486981.3407061063,0.01440026256410257,0.00010654028784246733,0.4781954887218045,0.25663016646623205,0.0,2450,2450,0,16.718796992481202,0.11608482811194078,24.38796992481203
52,52,52,52,1785784066.4429498,11007,1800000,100000,6,664,11007,561357,537455,63604,16218,47386,184,46728,489718.9703727696,0.01456731897435898,0.000342354243611093,0.4789156626506024,0.25498396327275014,0.0008163265306122449,2450,2448,2,16.576807228915662,0.11834293103608674,24.424698795180724
52,52,52,52,1785784184.793321,11207,1800000,100000,6,665,11207,571557,548500,62402,16023,46379,61,45791,490702.77018207737,0.014222069059829066,0.00011121239744758432,0.4724458204334365,0.2567706163263998,0.0,2450,2450,0,16.852631578947367,0.11376845943482224,24.094736842105263
52,52,52,52,1785784302.536797,11186,1800000,100000,6,665,11186,570486,546696,63262,16020,47242,132,46697,486540.8456085055,0.014489359316239323,0.00024145045875587163,0.47235736399823086,0.2532325882836458,0.0,2450,2450,0,16.821052631578947,0.11571696152889357,24.090225563909776
52,52,52,52,1785784419.429657,11003,1800000,100000,6,665,11003,561153,538382,62302,16071,46231,145,45793,481615.65291854256,0.01423320615384616,0.0002693254975092035,0.4738611233967271,0.2579531957240538,0.0,2450,2450,0,16.545864661654136,0.11572080790219584,24.166917293233084
52,52,52,52,1785784599.923572,10934,1800000,100000,6,665,10934,557634,534332,64263,16366,47897,255,47396,483410.88255436014,0.014723238290598297,0.00047723138423302365,0.4825593395252838,0.25467220640181754,0.0,2450,2450,0,16.442105263157895,0.12026792331359529,24.610526315789475
52,52,52,52,1785784710.845723,10805,1800000,100000,6,664,10805,551055,528528,63358,16120,47238,0,46769,484221.0448657557,0.014444810940170945,0.0,0.47602173399480274,0.25442722308153665,0.0,2450,2450,0,16.272590361445783,0.1198763357854267,24.27710843373494
77,77,77,77,1785785049.06094,20407,1800000,100000,6,956,20407,1550932,1508440,101251,25897,75354,98,74494,599963.939023406,0.010326544992784997,6.496778128397549e-05,0.3564330543933054,0.2557703133796209,0.0,5550,5550,0,21.34623430962343,0.06712298798758982,27.088912133891213
77,77,77,77,1785785399.498181,20197,1800000,100000,6,948,20197,1534972,1486960,101125,25887,75238,282,74203,598473.567220304,0.010379193073593078,0.00018964867918437616,0.3593021319120586,0.2559901112484549,0.002882882882882883,5550,5534,16,21.304852320675106,0.06800788185290794,27.306962025316455
77,77,77,77,1785785706.507207,20523,1800000,100000,6,955,20523,1559748,1514102,101315,26340,74975,441,74183,595480.923732855,0.010394235382395386,0.00029126175118981414,0.36290989253237804,0.2599812466071164,0.00036036036036036037,5550,5548,2,21.490052356020943,0.06691425016280277,27.581151832460733
77,77,77,77,1785785954.62726,20398,1800000,100000,6,950,20398,1550248,1503182,101784,26412,75372,305,74758,594037.0039480258,0.010431841154401156,0.0002029029086298266,0.36581717451523543,0.2594906861589248,0.0014414414414414415,5550,5542,8,21.47157894736842,0.06771235951468285,27.802105263157895
77,77,77,77,1785786203.5747032,20606,1800000,100000,6,957,20606,1566056,1522178,101838,26120,75718,281,75002,598243.7704564978,0.01041679884559885,0.00018460390309149127,0.35912665676731015,0.25648579115850667,0.0007207207207207207,5550,5546,4,21.531870428422152,0.06690281951256687,27.29362591431557
77,77,77,77,1785786451.18665,20405,1800000,100000,6,955,20405,1550780,1508979,101116,25826,75290,0,74353,602136.167859275,0.010296460375180378,0.0,0.35582805180490495,0.255409628545433,0.00036036036036036037,5550,5548,2,21.36649214659686,0.06700954751524044,27.042931937172774
77,77,77,77,1785786694.5880709,20526,1800000,100000,6,956,20526,1559976,1516258,100961,25971,74990,362,74136,603155.2938373102,0.01033406614718615,0.0002387456488275742,0.35745155252147104,0.25723794336426936,0.0,5550,5550,0,21.47071129707113,0.06658563384331691,27.1663179916318
77,77,77,77,1785786940.670089,20757,1800000,100000,6,943,20757,1577532,1533396,102216,26415,75801,217,75064,595885.9482660694,0.01043936230880231,0.00014151595543486484,0.36857453814812746,0.2584233388119277,0.0,5550,5550,0,22.01166489925769,0.06665988433516196,28.01166489925769
77,77,77,77,1785787187.263245,20759,1800000,100000,6,948,20759,1577684,1531170,101778,26415,75363,572,74575,595695.3643221286,0.01045440461760462,0.0003735705375627788,0.3666305796135909,0.25953545952956436,0.00036036036036036037,5550,5548,2,21.897679324894515,0.06647073806304983,27.86392405063291
77,77,77,77,1785787442.221506,20609,1800000,100000,6,954,20609,1566284,1523403,101159,26195,74964,196,73993,596391.3985090174,0.010326544992784997,0.00012865932389525292,0.36129041156349995,0.25894878359809803,0.0,5550,5550,0,21.60272536687631,0.06640330890775455,27.458071278825997
77,77,77,77,1785787705.696812,20395,1800000,100000,6,956,20395,1550020,1507373,101087,26122,74965,175,74231,595624.3668400589,0.010319023838383842,0.00011609601604911326,0.3595298392424576,0.25841107165115196,0.0,5550,5550,0,21.3336820083682,0.06706170271060978,27.324267782426777
77,77,77,77,1785787944.7681558,20626,1800000,100000,6,951,20626,1567576,1522092,101187,25972,75215,858,74361,596948.4502025858,0.010424320000000004,0.0005636978579481398,0.35934473407493495,0.25667328807060197,0.0007207207207207207,5550,5546,4,21.68874868559411,0.06647889877878604,27.31019978969506
77,77,77,77,1785788189.447808,20702,1800000,100000,6,954,20702,1573352,1527745,101741,26484,75257,185,74416,598411.9747631117,0.010401756536796541,0.00012109350709706135,0.3652763985435286,0.2603080370745324,0.00036036036036036037,5550,5548,2,21.70020964360587,0.06659553786790334,27.761006289308177
77,77,77,77,1785788430.8496451,20589,1800000,100000,6,955,20589,1564764,1520354,101509,26266,75243,220,74527,596073.7499794648,0.010386714227994231,0.00014470314150520207,0.3618903279140259,0.25875538129623976,0.00036036036036036037,5550,5548,2,21.559162303664923,0.06676668723205254,27.50366492146597
77,77,77,77,1785788673.276085,21001,1800000,100000,6,945,21001,1596076,1551040,102516,26565,75951,323,75201,600052.6228608126,0.010484489235209239,0.00020824736950691148,0.36988304093567254,0.259130282102306,0.0,5550,5550,0,22.223280423280425,0.06609500722096141,28.11111111111111
77,77,77,77,1785788936.457356,20698,1800000,100000,6,941,20698,1573048,1527066,102295,26636,75659,199,74892,591770.4442786773,0.01046944692640693,0.00013031525814863275,0.37244812349683987,0.26038418300014665,0.0007207207207207207,5550,5546,4,21.995749202975556,0.06698793634328837,28.30605738575983
77,77,77,77,1785789184.865134,20648,1800000,100000,6,955,20648,1569248,1525889,101574,26565,75009,184,74273,594042.9264580577,0.010371671919191925,0.00012058544232247561,0.36600992008817856,0.26153346328784927,0.00036036036036036037,5550,5548,2,21.620942408376962,0.06656709629599532,27.81675392670157
77,77,77,77,1785789406.0430431,20684,1800000,100000,6,954,20684,1571984,1529670,100337,26046,74291,262,73454,600955.5457311415,0.010243812294372299,0.00017127877254571248,0.35923535253227407,0.25958519788313383,0.0,5550,5550,0,21.68134171907757,0.0655938862630502,27.30188679245283
77,77,77,77,1785789611.3769002,20161,1800000,100000,6,946,20161,1532236,1486587,101346,25965,75381,636,74583,593562.0439972739,0.010431841154401156,0.0004278256166642114,0.3611466562812952,0.2562015274406489,0.0014414414414414415,5550,5542,8,21.31183932346723,0.06817360840636975,27.447145877378436
77,77,77,77,1785789821.365556,20658,1800000,100000,6,947,20658,1570008,1524689,101787,26342,75445,466,74379,595851.7580275869,0.010446883463203467,0.00030563610021453554,0.36600344578447175,0.2587953274976176,0.0,5550,5550,0,21.814149947201688,0.06675918826724664,27.81626187961985
102,102,102,102,1785790253.39487,31345,1800000,100000,6,1237,31345,3165845,3094643,140702,36821,103881,612,102556,673379.7281685702,0.008141870849673204,0.00019776109877617546,0.2947165371347159,0.261694929709599,0.00040404040404040404,9900,9896,4,25.33953112368634,0.04546631065360366,29.766370250606304
102,102,102,102,1785790683.526677,30953,1800000,100000,6,1249,30953,3126253,3061363,140548,36232,104316,242,103397,674815.7862363288,0.008085093507625273,7.904975659534658e-05,0.2872159113429357,0.257790932635114,0.00040404040404040404,9900,9896,4,24.7822257806245,0.04591026938001145,29.00880704563651
102,102,102,102,1785791118.831862,31212,1800000,100000,6,1244,31212,3152412,3086088,141008,36825,104183,636,103159,673276.6647140919,0.008141870849673204,0.00020608615178828343,0.2930900003183598,0.2611553954385567,0.0,9900,9900,0,25.090032154340836,0.04569150328830545,29.60209003215434
102,102,102,102,1785791558.134541,31049,1800000,100000,6,1241,31049,3135949,3066705,140741,36722,104019,470,102846,675248.2108620023,0.008124837647058826,0.00015325895382829453,0.29297675940035584,0.26091899304396016,0.00040404040404040404,9900,9896,4,25.019339242546334,0.045893230682442554,29.59065269943594
102,102,102,102,1785791987.59724,31283,1800000,100000,6,1251,31283,3159583,3093183,140213,36727,103486,498,102669,675485.9146543965,0.008090771241830066,0.00016099920373285382,0.2906743911801252,0.26193719555248085,0.0,9900,9900,0,25.006394884092725,0.04532968143171613,29.358113509192645
102,102,102,102,1785792425.722358,30964,1800000,100000,6,1245,30964,3127364,3062075,139682,36628,103054,385,102012,673502.4465278557,0.008051027102396515,0.00012573173419984815,0.2912879239731202,0.2622241949571169,0.0,9900,9900,0,24.870682730923694,0.04561677947143685,29.42008032128514
102,102,102,102,1785792853.662192,31209,1800000,100000,6,1259,31209,3152109,3087273,139932,36531,103401,391,102174,680990.091717913,0.008062382570806102,0.0001266489876340706,0.2872859962723834,0.26106251607923847,0.0,9900,9900,0,24.788721207307386,0.045325437692099145,29.015885623510723
102,102,102,102,1785793289.8529449,31417,1800000,100000,6,1245,31417,3173117,3102123,141091,37115,103976,244,103029,672836.8232162159,0.008141870849673204,7.865581087532636e-05,0.2951608413853434,0.26305717586522176,0.0006060606060606061,9900,9894,6,25.23453815261044,0.04548207791889619,29.811244979919678
102,102,102,102,1785793732.697657,31197,1800000,100000,6,1237,31197,3150897,3081721,140888,36826,104062,614,103039,673248.414695412,0.008147548583877997,0.0001992393211455547,0.29475655730488165,0.2613849298733746,0.00020202020202020202,9900,9898,2,25.21988682295877,0.04571731185269529,29.770412287793047
102,102,102,102,1785794173.046668,31148,1800000,100000,6,1239,31148,3145948,3074495,140434,36329,104105,813,102656,674948.7992125176,0.008141870849673204,0.0002644336712208021,0.29030917619607,0.2586909153054104,0.0006060606060606061,9900,9894,6,25.139628732849072,0.04567709493754259,29.321226795803067
102,102,102,102,1785794623.486662,30930,1800000,100000,6,1249,30930,3123930,3053701,140462,36227,104235,376,102887,674793.1488147875,0.00811348217864924,0.00012312927821027665,0.28717627567400456,0.25791317224587434,0.0006060606060606061,9900,9894,6,24.76381104883907,0.04599729967013797,29.00480384307446
102,102,102,102,1785795063.156149,31072,1800000,100000,6,1249,31072,3138272,3072925,140224,36330,103894,245,102761,676378.5781606778,0.008073738039215688,7.972859734617669e-05,0.28799277045398697,0.25908546325878595,0.0,9900,9900,0,24.877502001601282,0.04563209320110318,29.087269815852682
102,102,102,102,1785795503.3806798,31375,1800000,100000,6,1240,31375,3168875,3098909,140998,37196,103802,1220,102868,669310.0334156672,0.008192970457516342,0.00039368693950032094,0.2969977642925583,0.2638051603568845,0.00020202020202020202,9900,9898,2,25.302419354838708,0.04549923860300512,29.996774193548386
102,102,102,102,1785795952.620405,31203,1800000,100000,6,1235,31203,3151503,3081465,140580,36231,104349,818,102524,680616.0227421185,0.00813619311546841,0.0002654581505874641,0.2904637832204273,0.2577251387110542,0.0,9900,9900,0,25.265587044534414,0.045621157468931174,29.33684210526316
102,102,102,102,1785796393.079634,31175,1800000,100000,6,1247,31175,3148675,3081103,140307,36528,103779,535,102422,674445.8384989471,0.008102126710239653,0.000173639115602432,0.2900267572867952,0.2603433898522526,0.0,9900,9900,0,25.0,0.04553791288379519,29.29270248596632
102,102,102,102,1785796834.589757,30985,1800000,100000,6,1241,30985,3129485,3058433,140817,36622,104195,886,103388,671073.5650389349,0.00817025952069717,0.0002896908318737079,0.29217893586296584,0.2600680315586896,0.00020202020202020202,9900,9898,2,24.967767929089444,0.04604220527309246,29.51007252215955
102,102,102,102,1785797275.811203,31333,1800000,100000,6,1253,31333,3164633,3095531,140635,36525,104110,927,102942,676662.582165949,0.008147548583877997,0.0002994639691865467,0.28861425647752326,0.25971486472073096,0.00040404040404040404,9900,9896,4,25.00638467677574,0.04543162384741099,29.15003990422985
102,102,102,102,1785797709.765175,31365,1800000,100000,6,1243,31365,3167865,3101012,140974,36626,104348,941,103264,679427.6654784787,0.008158904052287584,0.0003034493255750058,0.291740678492628,0.25980677288010556,0.0,9900,9900,0,25.23330651649236,0.045460643170681055,29.46580852775543
102,102,102,102,1785798138.309261,30882,1800000,100000,6,1250,30882,3119082,3055383,139105,36234,102871,471,101690,676672.3358075453,0.008016960697167758,0.0001541541600512931,0.2870019801980198,0.26047949390748,0.0,9900,9900,0,24.7056,0.04552784380877946,28.9872
102,102,102,102,1785798572.715043,31186,1800000,100000,6,1240,31186,3149786,3079490,140766,37018,103748,624,102836,670315.2198214474,0.008141870849673204,0.0002026309551256864,0.2955764931331843,0.26297543440887716,0.0006060606060606061,9900,9894,6,25.15,0.04571081575195893,29.85322580645161
