1781878198.662905,1781878202.0112839,-137,-12.0
1781878219.058785,1781878225.7629778,-139,-13.5
1781878224.168947,1781878230.3266196,-140,-16.25
1781878234.382169,1781878240.1531575,-140,-13.5
1781878239.4890869,1781878245.5381038,-141,-15.5
1781878249.7196019,1781878254.2637365,-140,-15.25
1781878254.8258078,1781878260.928827,-135,-11.25
1781878265.038982,1781878271.1868773,-139,-14.25
1781878270.150435,1781878275.8736224,-137,-13.25
1781878275.261683,1781878281.537318,-137,-13.0
1781878285.478844,1781878291.5244308,-138,-12.75
1781878290.591973,1781878295.1765165,-138,-13.75
1781878295.700619,1781878301.8213484,-136,-12.25
1781878300.80983,1781878308.0752594,-137,-12.25
1781878316.13638,1781878321.2372913,-135,-10.25
1781878326.35077,1781878331.4518096,-134,-8.5
1781878336.5726578,1781878344.277301,-134,-10.25
1781878346.7896478,1781878358.048736,-143,-17.5
1781878351.901199,1781878364.1628344,-135,-11.0
1781878357.008446,1781878368.6058319,-137,-11.75
1781878362.117425,1781878373.0577302,-136,-11.0
1781878372.331955,1781878385.1123114,-136,-12.0
1781878377.438137,1781878393.2358007,-137,-14.0
1781878382.554283,1781878398.5198493,-138,-12.75
1781878387.6689348,1781878407.6318212,-138,-12.75
1781878403.002215,1781878408.9730146,-140,-14.0
1781878392.783058,1781878416.541694,-137,-12.25
1781878413.218435,1781878417.677342,-137,-12.75
1781878397.891406,1781878422.1564028,-139,-13.5
1781878408.10923,1781878433.9641478,-136,-10.5
1781878418.335573,1781878438.8109968,-135,-11.0
1781878428.5563672,1781878444.528669,-138,-13.0
1781878433.6632562,1781878450.064662,-134,-9.25
1781878443.886048,1781878459.353742,-134,-11.0
1781878448.9931,1781878460.5415256,-135,-10.25
1781878454.100736,1781878464.8552349,-135,-9.75
1781878464.335718,1781878471.225802,-135,-10.5
1781878469.438667,1781878474.9869316,-137,-13.25
1781878474.550091,1781878481.954751,-139,-14.25
1781878479.661275,1781878485.8071404,-136,-10.75
1781878500.0968168,1781878507.2382252,-136,-12.25
1781878505.206769,1781878512.1450918,-134,-10.25
1781878510.3175611,1781878516.4383578,-142,-16.5
1781878515.438675,1781878522.0186236,-136,-11.5
1781878520.545302,1781878526.2853723,-141,-16.25
1781878525.6595032,1781878529.6962905,-137,-11.75
1781878530.773969,1781878537.311034,-135,-11.25
1781878535.88354,1781878542.6956477,-134,-10.25
1781878546.095065,1781878549.15756,-137,-11.5
1781878551.2140741,1781878555.98119,-137,-12.0
1781878561.42627,1781878566.7925246,-136,-12.25
1781878571.638767,1781878580.2332292,-137,-10.75
1781878581.8537579,1781878587.058887,-137,-12.0
1781878586.970125,1781878592.6733108,-141,-15.75
1781878592.081474,1781878596.876257,-143,-17.25
1781878602.3047621,1781878610.2600148,-137,-11.75
1781878607.412508,1781878612.7643788,-140,-14.0
1781878612.523921,1781878615.717309,-136,-11.0
1781878622.734256,1781878628.44163,-137,-12.75
1781878627.840679,1781878633.8742855,-135,-10.25
1781878638.0750568,1781878643.1613002,-139,-14.0
1781878643.176414,1781878648.243517,-137,-11.75
1781878648.286465,1781878653.693482,-138,-13.0
1781878653.390868,1781878657.862137,-138,-12.75
1781878658.4973812,1781878664.4490483,-138,-14.0
1781878663.606333,1781878669.7812195,-137,-13.0
1781878668.7151308,1781878674.8275642,-142,-16.5
1781878673.825315,1781878682.058264,-136,-10.75
1781878678.932707,1781878686.351862,-139,-14.0
1781878689.1424341,1781878694.518326,-138,-12.5
1781878694.250199,1781878699.2747262,-140,-16.0
1781878699.360856,1781878704.3074622,-141,-16.0
1781878714.682647,1781878720.501954,-141,-15.5
1781878724.897595,1781878732.0607622,-141,-15.5
1781878730.008188,1781878736.8962526,-141,-15.5
1781878735.114799,1781878740.2251432,-135,-10.5
1781878745.3355782,1781878750.2197847,-134,-10.0
1781878750.441914,1781878757.0989332,-134,-8.5
1781878760.676801,1781878765.8981583,-138,-13.25
1781878765.7876139,1781878772.309623,-138,-14.0
1781878770.9005089,1781878777.39628,-134,-9.75
1781878781.109301,1781878786.0207925,-134,-11.75
1781878791.3317308,1781878797.179563,-134,-8.75
1781878796.438714,1781878804.5317156,-136,-11.0
1781878811.7755451,1781878817.5353868,-137,-11.75
1781878821.9932108,1781878826.5576081,-135,-11.0
1781878832.2124338,1781878837.8724627,-136,-11.25
1781878837.319992,1781878843.2592561,-139,-13.5
1781878842.4307818,1781878848.5312066,-135,-9.25
1781878847.538492,1781878855.0015948,-135,-9.75
1781878852.6483681,1781878857.7206814,-136,-10.75
1781878867.998245,1781878873.5677547,-140,-14.5
1781878883.3498108,1781878888.8037333,-135,-11.25
1781878888.466687,1781878899.3678577,-135,-10.0
1781878893.586433,1781878906.07263,-135,-9.5
1781878903.82254,1781878910.2256253,-135,-10.5
1781878898.704022,1781878911.46453,-138,-12.75
1781878914.050205,1781878919.1519828,-136,-11.75
1781878919.166859,1781878924.8251424,-140,-15.25
1781878924.283861,1781878930.8354583,-136,-10.75
1781878929.399735,1781878935.764038,-140,-15.25
1781878939.6408288,1781878946.6412296,-136,-11.0
1781878944.759011,1781878950.0043068,-136,-12.25
1781878949.878704,1781878955.679382,-136,-11.5
1781878954.997343,1781878961.457967,-132,-7.5
1781878965.238834,1781878968.466307,-136,-11.0
1781878970.347542,1781878976.3380442,-137,-12.25
1781878975.4611368,1781878981.7674575,-136,-10.75
1781878985.697344,1781878988.7648726,-136,-10.75
1781878990.814968,1781878995.3711557,-138,-12.5
1781878995.9280078,1781878999.0445833,-136,-11.5
1781879001.039617,1781879008.0222287,-140,-15.25
1781879006.148278,1781879012.4539301,-136,-10.75
1781879011.257857,1781879016.7583544,-133,-8.5
1781879016.371657,1781879019.5447776,-137,-12.25
1781879021.484821,1781879029.8503907,-139,-13.5
1781879031.717864,1781879038.0299685,-136,-12.25
1781879041.951472,1781879046.6470919,-134,-8.75
1781879062.412163,1781879068.007583,-137,-11.5
1781879067.5241568,1781879073.8731396,-135,-9.75
1781879093.093415,1781879103.0876117,-141,-17.25
1781879087.98496,1781879105.5983326,-136,-11.75
1781879098.210668,1781879110.9763298,-141,-15.5
1781879123.7685719,1781879132.0497398,-138,-13.0
1781879128.885256,1781879136.0238817,-135,-11.25
1781879149.3603032,1781879156.745376,-140,-14.5
1781879164.707412,1781879170.099408,-139,-14.25
1781879174.9385128,1781879180.3323395,-139,-13.25
1781879180.054934,1781879184.954904,-136,-11.75
1781879190.285726,1781879196.0587263,-135,-10.25
1781879210.729772,1781879216.7772243,-139,-13.5
1781879220.9528918,1781879227.4991422,-137,-11.5
1781879231.1833532,1781879235.8392303,-137,-12.25
1781879241.413245,1781879245.8621294,-134,-10.25
1781879246.531232,1781879251.4086175,-136,-11.25
1781879261.871788,1781879270.2629387,-136,-11.25
1781879266.987115,1781879273.3370488,-138,-12.5
1781879272.103449,1781879279.7436345,-137,-13.0
1781879277.218997,1781879284.0596616,-139,-14.0
1781879282.334229,1781879287.379299,-137,-13.25
1781879287.441727,1781879290.4189813,-138,-12.5
1781879307.897322,1781879312.777323,-143,-18.25
1781879302.789237,1781879313.9765503,-142,-17.25
1781879313.012197,1781879319.1722128,-131,-7.0
1781879318.125487,1781879325.7838085,-139,-15.0
1781879323.2460039,1781879332.4057217,-136,-11.25
1781879333.4751308,1781879339.7706394,-138,-13.25
1781879338.586913,1781879344.808502,-136,-10.75
1781879343.704996,1781879349.7405403,-140,-13.5
1781879348.818963,1781879356.150788,-135,-11.0
1781879359.047483,1781879367.4747925,-138,-13.25
1781879379.501359,1781879389.996622,-136,-10.75
1781879384.610702,1781879394.798371,-134,-9.75
1781879394.8484778,1781879400.879201,-135,-10.5
1781879420.4126148,1781879426.2813122,-139,-14.0
1781879425.5265658,1781879430.680357,-140,-14.75
1781879430.645358,1781879437.0005014,-140,-14.75
1781879435.7519581,1781879443.4943976,-142,-16.75
1781879445.968835,1781879455.6821659,-139,-13.5
1781879451.085651,1781879464.018879,-137,-12.25
1781879456.20845,1781879468.2062325,-134,-8.75
1781879471.5523,1781879476.629418,-133,-8.5
1781879486.904403,1781879493.2401295,-136,-11.25
1781879497.138463,1781879503.8709958,-137,-11.75
1781879507.362499,1781879513.2571647,-134,-9.5
1781879512.479464,1781879520.0019772,-138,-13.25
1781879517.599512,1781879523.1001337,-131,-6.75
1781879522.7192929,1781879527.8819027,-135,-11.0
1781879527.833525,1781879534.278093,-136,-11.5
1781879538.060149,1781879543.4290557,-138,-13.75
1781879543.179866,1781879548.6530929,-138,-13.75
1781879548.2863748,1781879554.1759157,-138,-13.0
1781879553.40304,1781879559.088296,-140,-13.5
1781879558.5243819,1781879565.125885,-137,-12.25
1781879568.7515671,1781879574.5256624,-138,-13.0
1781879573.8706748,1781879579.3565924,-141,-16.25
1781879579.013607,1781879584.497967,-137,-13.0
1781879584.1286578,1781879589.540144,-137,-12.0
1781879589.246794,1781879595.1080859,-138,-12.5
1781879594.359691,1781879599.853909,-136,-10.75
1781879604.5892859,1781879610.3191972,-135,-10.0
1781879609.697301,1781879614.197863,-138,-12.75
1781879619.936942,1781879624.7180936,-144,-19.0
1781879630.169775,1781879634.5188081,-136,-10.5
1781879635.285683,1781879640.8122058,-139,-13.75
1781879640.405833,1781879646.134342,-137,-12.5
1781879650.687354,1781879656.6066124,-135,-10.5
1781879655.8035898,1781879661.5583217,-136,-12.5
1781879660.916362,1781879667.1765325,-137,-12.25
1781879671.1476219,1781879677.2438993,-136,-10.5
1781879676.265548,1781879681.571713,-140,-14.0
1781879686.497625,1781879691.093089,-136,-10.75
1781879691.602738,1781879696.5836034,-136,-10.5
1781879696.7046242,1781879701.3035126,-140,-15.25
1781879701.8198998,1781879706.2762647,-142,-16.0
1781879706.9396238,1781879711.5118916,-137,-12.5
1781879712.054511,1781879717.308551,-135,-10.25
1781879717.1717849,1781879720.0407047,-136,-12.25
1781879722.285106,1781879727.3559146,-138,-12.75
1781879727.3962681,1781879730.3382714,-138,-13.25
1781879732.5132108,1781879738.3571522,-138,-12.5
1781879737.622462,1781879742.3644345,-135,-10.25
1781879742.729527,1781879747.348007,-134,-9.5
1781879747.842835,1781879752.608129,-136,-10.5
1781879752.946086,1781879759.22915,-137,-11.5
1781879758.063787,1781879768.047603,-134,-8.5
1781879763.17855,1781879773.7900622,-133,-9.0
1781879768.2960598,1781879777.4492784,-138,-12.75
1781879773.4170518,1781879780.2531474,-135,-10.25
1781879778.532042,1781879783.9656787,-136,-10.75
1781879783.646241,1781879789.234634,-138,-12.75
1781879788.76042,1781879794.2924685,-137,-12.5
1781879798.990389,1781879805.8392217,-138,-12.75
1781879804.1052978,1781879809.563482,-138,-12.75
1781879814.341682,1781879819.5508516,-139,-14.5
1781879819.46273,1781879825.8773046,-135,-11.0
1781879829.696107,1781879834.3622584,-133,-8.75
1781879834.8136818,1781879839.4515183,-136,-10.75
1781879839.932574,1781879845.180944,-139,-13.5
1781879845.04915,1781879849.783081,-136,-11.25
1781879850.163578,1781879854.8137689,-133,-10.0
1781879855.272504,1781879859.5629833,-135,-11.25
1781879865.503457,1781879870.9180837,-134,-10.0
1781879870.6237361,1781879876.6141305,-139,-13.5
1781879875.731924,1781879882.321455,-137,-12.0
1781879885.967274,1781879890.9527526,-137,-12.5
1781879891.0762959,1781879897.2804592,-137,-12.5
1781879896.190387,1781879901.9920409,-139,-14.0
1781879906.406303,1781879911.8538175,-139,-13.5
1781879926.8733912,1781879938.0210514,-137,-11.5
1781879931.9947898,1781879941.6870372,-139,-14.25
1781879937.109431,1781879944.853408,-136,-12.0
1781879942.2218409,1781879946.9929104,-136,-12.0
1781879947.340096,1781879951.7818077,-136,-11.25
1781879952.458879,1781879957.1975832,-138,-12.75
1781879957.570327,1781879962.8511906,-137,-13.0
1781879962.691381,1781879967.2625797,-138,-13.5
1781879967.799027,1781879973.347498,-140,-14.75
1781879972.911194,1781879977.9006922,-138,-14.25
1781879978.033518,1781879985.3716462,-139,-14.0
1781879983.1464949,1781879988.1422815,-140,-15.25
1781879988.258282,1781879993.828326,-137,-12.25
1781879993.3742158,1781880001.9986637,-126,-3.25
1781880003.6195,1781880009.205032,-138,-14.25
1781880008.730483,1781880014.7514262,-139,-14.0
1781880013.841135,1781880018.6197903,-138,-12.75
1781880018.953574,1781880025.5154233,-139,-14.0
1781880029.181408,1781880033.7740645,-137,-12.0
1781880034.291753,1781880039.6998556,-138,-13.25
1781880039.407236,1781880044.4523535,-141,-15.75
1781880044.524317,1781880049.585936,-139,-14.0
1781880049.652596,1781880054.5869832,-141,-14.75
1781880054.761545,1781880059.577063,-139,-15.25
1781880064.9848058,1781880070.2747085,-139,-15.25
1781880070.0915,1781880076.1604974,-139,-14.25
1781880075.2035441,1781880079.6121697,-140,-15.5
1781880080.313601,1781880085.8107235,-138,-12.5
1781880100.7476218,1781880105.4444919,-141,-16.0
1781880105.8535879,1781880112.2469006,-139,-14.25
1781880116.070262,1781880122.3793974,-137,-14.0
1781880121.17956,1781880126.874634,-136,-13.0
1781880131.398798,1781880137.255863,-139,-14.0
1781880136.5065339,1781880142.825631,-139,-14.5
1781880141.616095,1781880147.877848,-140,-13.75
1781880151.8392918,1781880157.8672657,-138,-13.75
1781880156.9459798,1781880161.7500088,-138,-12.75
1781880162.053267,1781880168.9673028,-138,-13.25
1781880172.2667892,1781880177.1054773,-136,-12.25
1781880177.3766148,1781880182.5810912,-139,-13.5
1781880182.486847,1781880188.7232614,-139,-13.0
1781880187.596231,1781880192.2078636,-139,-14.25
1781880192.706053,1781880198.0114229,-139,-14.0
1781880197.812017,1781880204.2067897,-139,-13.5
1781880208.029535,1781880214.3985744,-138,-13.0
1781880218.240507,1781880222.7362247,-139,-14.0
1781880223.3472168,1781880229.3798108,-139,-14.5
1781880233.557204,1781880238.3332253,-139,-14.25
1781880238.66649,1781880243.7880144,-140,-14.5
1781880243.776116,1781880250.0267022,-138,-13.5
1781880259.104608,1781880263.5948317,-137,-10.5
1781880269.324073,1781880274.3612704,-138,-13.0
1781880274.4303381,1781880279.2884092,-135,-11.25
1781880279.5380428,1781880285.643194,-139,-14.0
1781880284.643648,1781880289.7434516,-141,-16.0
1781880289.753071,1781880294.3145106,-140,-14.75
1781880294.864295,1781880298.1685255,-137,-13.0
1781880299.97074,1781880305.5280023,-142,-15.75
1781880305.08003,1781880310.2421384,-136,-12.0
1781880310.190628,1781880317.2578053,-139,-13.5
1781880320.43292,1781880325.5251818,-137,-12.25
1781880330.648046,1781880336.8277566,-137,-13.0
1781880346.000121,1781880352.5003479,-138,-12.75
1781880356.222659,1781880362.5431728,-137,-11.75
1781880366.4425652,1781880372.7984567,-139,-13.75
1781880376.668826,1781880382.295722,-143,-17.75
1781880381.780583,1781880386.537742,-136,-11.25
1781880392.018077,1781880397.358333,-138,-12.75
1781880397.136294,1781880401.6849606,-143,-18.25
1781880402.250151,1781880407.6364143,-142,-16.5
1781880407.3647912,1781880414.3174264,-137,-13.0
1781880412.479295,1781880418.975185,-138,-13.25
1781880422.702076,1781880428.7112553,-136,-11.25
1781880432.917419,1781880437.358764,-138,-14.0
1781880443.1455889,1781880448.6649156,-139,-14.25
1781880453.3776581,1781880457.8103886,-137,-13.25
1781880458.4852018,1781880463.5861838,-141,-16.0
1781880468.713811,1781880475.7563028,-137,-12.0
1781880484.051195,1781880489.7498384,-139,-12.75
1781880489.1632168,1781880495.172124,-138,-12.5
1781880494.277766,1781880500.2362568,-136,-11.0
1781880499.385032,1781880504.6778471,-136,-11.25
1781880504.5004401,1781880510.6189194,-138,-13.0
1781880509.613049,1781880514.3031561,-139,-14.25
1781880514.7321029,1781880519.1779182,-137,-13.0
1781880519.847233,1781880524.8187032,-136,-12.25
1781880524.968231,1781880530.2888508,-134,-10.0
1781880530.085354,1781880535.3703046,-136,-11.25
1781880545.421047,1781880550.5228875,-140,-14.5
1781880555.645558,1781880560.2876112,-139,-13.5
1781880570.9854422,1781880575.9811525,-135,-10.5
1781880576.0967412,1781880582.1287968,-137,-12.5
1781880586.321443,1781880589.3586388,-137,-13.0
1781880606.790067,1781880611.4737797,-136,-11.25
1781880617.013669,1781880623.3839223,-135,-11.5
1781880632.346223,1781880639.1256425,-135,-9.75
1781880642.5836082,1781880648.647643,-139,-12.75
1781880652.805342,1781880660.1528633,-137,-12.25
1781880657.9161038,1781880664.4599864,-136,-10.75
1781880673.246526,1781880678.7261717,-139,-14.0
1781880678.353718,1781880685.0543864,-141,-15.5
1781880683.4736881,1781880689.141997,-137,-12.25
1781880693.697033,1781880699.0402553,-137,-13.0
1781880698.806206,1781880706.7481904,-138,-13.0
1781880714.153056,1781880719.3886912,-139,-14.0
1781880719.274025,1781880728.8201694,-137,-11.75
1781880729.505425,1781880735.3989537,-141,-14.5
1781880734.619992,1781880739.9551134,-136,-11.5
1781880739.738471,1781880744.8382843,-137,-12.0
1781880749.9804869,1781880755.785289,-137,-11.75
1781880755.0938199,1781880762.5278013,-138,-13.25
1781880760.203444,1781880767.1923704,-135,-11.25
1781880765.3190532,1781880770.8359778,-137,-12.0
1781880770.433402,1781880776.5307927,-133,-9.25
