Failed LSC to McCain???,,,,,
2502687600,1784647096.847649,,98,,
2445249393,1784647117.028405,,,,
1198870386,1784647137.273611,,,,
3692127091,1784647157.3409111,,,,
972660,1784647177.275698,,,,
105188213,1784647197.5943239,,,,
25102198,1784647217.654996,,,,
3430074231,1784647244.706059,,,,
3854288760,1784647257.8833039,,,,
4062572409,1784647278.091038,,,,
196855674,1784647298.005457,,,,
4019078011,1784647318.177382,,,,
187875196,1784647338.445069,,,,
3193098109,1784647358.415752,,,,
2425246590,1784647378.527033,,,,
3072666495,1784647398.873143,,,,
4232024960,1784647418.808528,,,,
980406145,1784647445.889411,,,,
284763010,1784647459.0908968,,,,
1523028867,1784647479.0161889,,,,
1559244676,1784647499.209136,,,,
331181957,1784647519.256856,,,,
2349067142,1784647540,,,,
3948587911,1784647560.127317,,,,
2931412872,1784647579.6109388,,,,
1557383049,1784647599.7265952,,,,
1549144970,1784647620.027093,,,,
2864843659,1784647640.089335,,,,
4223113100,1784647659.920802,,,,
1773962125,1784647680.205931,,,,
2568617870,1784647707.6885152,,,,
832917391,1784647720.3193028,,,,
3725081488,1784647740.745855,,,,
3384554385,1784647760.862335,,,,
3832081298,1784647788.0330791,,,,
2497882003,1784647801.111787,,,,
450791316,1784647821.034316,,,,
3745654677,1784647841.229719,,,,
3330120598,1784647861.127341,,,,
3764761495,1784647881.227206,,,,
828099480,1784647901.6028318,,,,
1703929753,1784647921,,,,
3477529498,1784647942,,,,
1427122075,1784647961.303155,,,,
88892316,1784647981.960371,,,,
1469721501,1784648002,,,,
449327006,1784648029.2087822,,,,
3277033376,1784648069.9697511,,,,
369221537,1784648083.156383,,,,
,,,,,
*** LSC to Rowe Top Floor ***,,,64,-137.7741935,-13.60483871
,,,,,
32025519,1784648170.8350122,-139,-16,,
658640816,1784648183,-138,-15,,
1095496625,1784648196.4245021,-135,-16,,
2897356722,1784648217,-138,-12.5,,
100348851,1784648236.666851,-138,-14.75,,
1186308022,1784648303.961001,-139,-14.5,,
2862131128,1784648344.057965,-139,-13.5,,
3046073273,1784648357.308678,-139,-15,,
1714408378,1784648377.570061,-140,-15,,
1250213820,1784648432.4077609,-138,-12.75,,
2964295613,1784648452.5413032,-139,-14,,
1755137982,1784648465.2245052,-143,-18.75,,
1805409217,1784648525.0090508,-141,-15.75,,
1742078914,1784648545.658723,-139,-14.5,,
4136934339,1784648558.693409,-137,-12,,
4086113220,1784648578.633923,-139,-15,,
2390850501,1784648627.227521,-136,-12.25,,
1752605638,1784648643,-138,-13,,
1553124300,1784648746.451196,-140,-15,,
1473591247,1784648822.6734238,-141,-15.75,,
1644820434,1784648867.100246,-134,-14,,
1032381395,1784648887.874183,-139,-14.25,,
3382039508,1784648909.1200252,-137,-12.75,,
2330940373,1784648920.5946822,-137,-12.5,,
1551080406,1784648940.5263119,-136,-11.5,,
1659732951,1784648960.456767,-136,-11.25,,
1532270552,1784648978.3744671,,,,
2100080601,1784649007.7053661,-136,-11,,
2678110170,1784649020.872281,-136,-11.25,,
1776635867,1784649041.214735,-135,-11.25,,
1254588380,1784649061.129302,-136,-12,,
3361969117,1784649081.304706,-133,-9,,
,,,,,
*** LSC to McCain Again ??? ***,,,,,
,,,,,
2523799964,1784651999.200049,,,,
357852573,1784652019.308554,,,,
357852573,1784652029.2854989,-144,-18.25,,
3519386014,1784652039.2542348,,,,
131895711,1784652059.3918238,,,,
1360363936,1784652079.4734411,,,,
2566523297,1784652100.582098,,,,
216421794,1784652120,,,,
2602575267,1784652139.8395898,,,,
732817828,1784652160.0089478,,,,
3940416933,1784652180,,,,
914858406,1784652200,,,,
914858406,1784652215.294237,-144,-19.25,,
1999735207,1784652220.5629811,,,,
2057573800,1784652240.387729,,,,
2057573800,1784652247,-143,-18.25,,
463024553,1784652268.4048839,,,,
2064839082,1784652280.9283211,,,,
2210886059,1784652300.654031,,,,
2210886059,1784652316.847618,-114,7.75,,
1618001324,1784652324,,,,
2540140973,1784652342.8685179,,,,
1828596142,1784652364.474646,,,,
2718371247,1784652383.424766,,,,
574234032,1784652402.863353,,,,
3046879665,1784652421.7756119,,,,
399714738,1784652442.5001879,,,,
399714738,1784652444.918012,-112,9.75,,
1135636915,1784652462.597125,,,,
1135636915,1784652473.371739,-113,9.25,,
3716812212,1784652483.964024,,,,
3716812212,1784652491.558818,-114,8.75,,
4222606773,1784652502.213142,,,,
4222606773,1784652518.3659708,-114,7.75,,
4204069302,1784652521.932998,-146,-20,,
3426811319,1784652556.5209851,,,,
2916483512,1784652562.336046,,,,
2152318393,1784652582.3198552,,,,
2343701946,1784652602.5032508,,,,
2343701946,1784652608.950005,-145,-18.5,,
115535291,1784652622.726378,,,,
3549717948,1784652642.7574651,,,,
1947959741,1784652662.853224,,,,
3847650750,1784652682.750438,,,,
3847650750,1784652689.4426959,-143,-17.25,,
483875263,1784652703.0191941,,,,
483875263,1784652709.653288,-145,-18.5,,
179924416,1784652724.221218,,,,
959237569,1784652743,,,,
1616314818,1784652764.0508502,,,,
391538115,1784652784.5922072,,,,
2244744644,1784652803.8666618,,,,
2382364101,1784652824.743356,,,,
4017580486,1784652843.860517,,,,
1015948743,1784652865.382064,,,,
2508930504,1784652883.885352,,,,
222807497,1784652903.964138,,,,
1880284618,1784652924.857237,,,,
1496423883,1784652944,,,,
3873813964,1784652965.236748,,,,
988127693,1784652984.4703932,,,,
,,,,,
*** SUB to McCain ***,,100,-127.4,-4.985,
,,,,,
2532723238,1784655208.898182,-128,-5.25,,
2409592359,1784655228.993057,-128,-6.25,,
2753633832,1784655249.082947,-127,-5.25,,
4049638953,1784655275.963538,-127,-3.75,,
2099102250,1784655289.527473,-125,-3.25,,
771847723,1784655309.416318,-128,-7.25,,
14458412,1784655329.6323252,-130,-7.75,,
1164038701,1784655349.705811,-129,-6.75,,
1279588910,1784655369.762366,-129,-7,,
3684164143,1784655397.495478,-129,-6,,
629643824,1784655409.9956548,-127,-5,,
4140312113,1784655430.0851572,-125,-4.25,,
851762738,1784655450.3355541,-128,-4.5,,
3475051059,1784655470.327322,-126,-3.5,,
1588189748,1784655490.411493,-126,-3.75,,
2834481717,1784655511,-126,-3,,
484079158,1784655533.242775,-124,-3.25,,
2359202359,1784655550.6404538,-125,-2.75,,
293952056,1784655571,-125,-3.5,,
2268300857,1784655591.129378,-125,-4.25,,
2638329402,1784655611.001882,-125,-3.25,,
1419176507,1784655631.4438999,-125,-3,,
1033063996,1784655651.328724,-127,-5,,
3460720189,1784655671.3746402,-128,-4.75,,
3551053374,1784655691.682831,-126,-3.5,,
3853699647,1784655711.745308,-125,-3.5,,
700891712,1784655731.883811,-126,-3.25,,
1010633281,1784655751.835231,-129,-5,,
2037029442,1784655771.980397,-130,-7.75,,
1500572227,1784655792.0896242,-129,-6.5,,
1170475588,1784655812.118706,-130,-7,,
2841889349,1784655832.840823,-128,-5,,
3844272710,1784655852.4607801,-128,-6.25,,
3304550983,1784655874.527974,-126,-3.75,,
3160427080,1784655892.7274508,-130,-6.75,,
1762700873,1784655912.8216882,-127,-3.75,,
1555200586,1784655932.757306,-124,-3.25,,
1820128843,1784655953.004686,-128,-5.25,,
1115816524,1784655973.0383701,-129,-5.75,,
792739405,1784655993,-128,-4.75,,
805750350,1784656013,-126,-3.5,,
609177167,1784656033.282967,-129,-6.75,,
491266640,1784656053.514463,-129,-5.75,,
2151851601,1784656074,-127,-5,,
2636780114,1784656093.818086,-129,-5.5,,
4122332755,1784656113.864306,-128,-6,,
2077588052,1784656133.8376489,-129,-5.75,,
2805063253,1784656154.079259,-132,-8.5,,
3039664726,1784656174,-127,-3.75,,
307202647,1784656194.206769,-129,-5.5,,
,,,,,
*** Rowe to McCain ***,,6,-143.6666667,-18.25,
,,,,,
2341822518,1784658039.478793,-144,-18.5,,
2364075078,1784658376.718268,-144,-18.5,,
2541417544,1784658393.675916,-143,-17.75,,