number_of_nodes,timestamp,number_of_packets,simulation_time_ms,message_period_ms,path_loss_model,messages_created,packets_sent,potential_receivers,packets_sensed,packets_received,useful_receptions,duplicate_packets,collisions,packets_dropped_delay_or_hop_limit,mean_delay_ms,tx_air_utilization_rate,collision_rate,node_reach,average_nodes_reached,usefulness,no_link_rate,total_directed_links,available_directed_links,unavailable_directed_links,transmissions_per_message,successful_decode_rate,average_nodes_reached_per_message
5,1785623218.7687,96,1800000,100000,6,48,96,384,192,192,96,96,0,48,2542.6871439518955,0.011119274666666672,0.0,0.5,0.5,0.0,6,6,0,2.0,1.0,2.0
5,1785623219.261284,97,1800000,100000,6,48,97,388,192,191,96,95,1,47,2464.807971093198,0.01123510044444445,0.005208333333333333,0.5,0.5026178010471204,0.0,6,6,0,2.0208333333333335,0.9947916666666666,2.0
5,1785623219.729266,96,1800000,100000,6,48,96,384,192,192,96,96,0,48,2306.5817491043194,0.011119274666666672,0.0,0.5,0.5,0.0,6,6,0,2.0,1.0,2.0
5,1785623220.2132359,98,1800000,100000,6,48,98,392,195,195,96,99,0,50,2552.8342453563173,0.011350926222222226,0.0,0.5,0.49230769230769234,0.0,6,6,0,2.0416666666666665,1.0,2.0
5,1785623220.6893282,97,1800000,100000,6,48,97,388,194,194,96,98,0,49,2784.3074301759953,0.01123510044444445,0.0,0.5,0.4948453608247423,0.0,6,6,0,2.0208333333333335,1.0,2.0
5,1785623221.1726642,96,1800000,100000,6,48,96,384,192,192,96,96,0,48,2325.533035039143,0.011119274666666672,0.0,0.5,0.5,0.0,6,6,0,2.0,1.0,2.0
5,1785623221.659476,103,1800000,100000,6,48,103,412,199,199,96,103,0,50,2561.9675924650373,0.011930055111111115,0.0,0.5,0.4824120603015075,0.0,6,6,0,2.1458333333333335,1.0,2.0
5,1785623222.127028,99,1800000,100000,6,48,99,396,198,198,96,102,0,51,3372.115959999456,0.011466752000000005,0.0,0.5,0.48484848484848486,0.0,6,6,0,2.0625,1.0,2.0
5,1785623222.6095638,97,1800000,100000,6,48,97,388,194,194,96,98,0,51,2942.8056306099675,0.01123510044444445,0.0,0.5,0.4948453608247423,0.0,6,6,0,2.0208333333333335,1.0,2.0
5,1785623223.088151,98,1800000,100000,6,48,98,392,193,192,96,96,1,47,2209.087249104324,0.011350926222222226,0.0051813471502590676,0.5,0.5,0.0,6,6,0,2.0416666666666665,0.9948186528497409,2.0
5,1785623223.5630999,97,1800000,100000,6,48,97,388,194,194,96,98,0,49,2731.3391855037,0.01123510044444445,0.0,0.5,0.4948453608247423,0.0,6,6,0,2.0208333333333335,1.0,2.0
5,1785623224.042572,99,1800000,100000,6,48,99,396,196,195,96,99,1,48,3071.8978127201985,0.011466752000000005,0.00510204081632653,0.5,0.49230769230769234,0.0,6,6,0,2.0625,0.9948979591836735,2.0
5,1785623224.5225,97,1800000,100000,6,48,97,388,194,194,96,98,0,49,2686.2864340546416,0.01123510044444445,0.0,0.5,0.4948453608247423,0.0,6,6,0,2.0208333333333335,1.0,2.0
5,1785623224.991222,104,1800000,100000,6,48,104,416,208,208,96,112,0,59,4454.963615011838,0.012045880888888895,0.0,0.5,0.46153846153846156,0.0,6,6,0,2.1666666666666665,1.0,2.0
5,1785623225.4571881,104,1800000,100000,6,48,104,416,208,208,96,112,0,59,4454.963615011838,0.012045880888888895,0.0,0.5,0.46153846153846156,0.0,6,6,0,2.1666666666666665,1.0,2.0
5,1785623225.9329212,101,1800000,100000,6,48,101,404,202,202,96,106,0,58,4041.1891558404373,0.01169840355555556,0.0,0.5,0.4752475247524752,0.0,6,6,0,2.1041666666666665,1.0,2.0
5,1785623226.3998132,99,1800000,100000,6,48,99,396,196,195,96,99,1,49,3284.598676500639,0.011466752000000005,0.00510204081632653,0.5,0.49230769230769234,0.0,6,6,0,2.0625,0.9948979591836735,2.0
5,1785623226.8620439,97,1800000,100000,6,48,97,388,194,194,96,98,0,51,3010.0545879969727,0.01123510044444445,0.0,0.5,0.4948453608247423,0.0,6,6,0,2.0208333333333335,1.0,2.0
5,1785623227.3252978,110,1800000,100000,6,48,110,440,220,220,96,124,0,67,5792.013753256338,0.01274083555555556,0.0,0.5,0.43636363636363634,0.0,6,6,0,2.2916666666666665,1.0,2.0
5,1785623227.779625,98,1800000,100000,6,48,98,392,196,196,96,100,0,49,2890.0322403546566,0.011350926222222226,0.0,0.5,0.4897959183673469,0.0,6,6,0,2.0416666666666665,1.0,2.0
7,1785623228.2830238,170,1800000,100000,6,83,170,1020,677,674,332,342,3,250,2666.87965410806,0.014064558730158737,0.004431314623338257,0.6666666666666666,0.49258160237388726,0.0,20,20,0,2.0481927710843375,0.9955686853766618,4.0
7,1785623228.811171,167,1800000,100000,6,82,167,1002,668,668,328,340,0,256,3067.068174827943,0.013816360634920642,0.0,0.6666666666666666,0.49101796407185627,0.0,20,20,0,2.0365853658536586,1.0,4.0
7,1785623229.350983,174,1800000,100000,6,82,174,1044,686,681,328,353,5,251,2664.092511050291,0.014395489523809531,0.007288629737609329,0.6666666666666666,0.48164464023494863,0.0,20,20,0,2.1219512195121952,0.9927113702623906,4.0
7,1785623229.8755488,180,1800000,100000,6,83,180,1080,708,678,332,346,30,257,3000.2319227536213,0.014891885714285723,0.0423728813559322,0.6666666666666666,0.4896755162241888,0.0,20,20,0,2.1686746987951806,0.9576271186440678,4.0
7,1785623230.370362,169,1800000,100000,6,83,169,1014,674,668,332,336,6,250,2428.7475454446676,0.013981826031746039,0.008902077151335312,0.6666666666666666,0.49700598802395207,0.0,20,20,0,2.036144578313253,0.9910979228486647,4.0
7,1785623230.8683279,170,1800000,100000,6,82,170,1020,676,667,328,339,9,252,3037.423666906356,0.014064558730158737,0.013313609467455622,0.6666666666666666,0.4917541229385307,0.0,20,20,0,2.073170731707317,0.9866863905325444,4.0
7,1785623231.36587,167,1800000,100000,6,82,167,1002,668,668,328,340,0,256,2788.6732621647816,0.013816360634920642,0.0,0.6666666666666666,0.49101796407185627,0.0,20,20,0,2.0365853658536586,1.0,4.0
7,1785623231.8585222,168,1800000,100000,6,82,168,1008,672,672,328,344,0,256,3221.61827906901,0.013899093333333341,0.0,0.6666666666666666,0.4880952380952381,0.0,20,20,0,2.048780487804878,1.0,4.0
7,1785623232.356152,177,1800000,100000,6,83,177,1062,700,685,332,353,15,261,3076.4357499794655,0.014643687619047626,0.02142857142857143,0.6666666666666666,0.4846715328467153,0.0,20,20,0,2.1325301204819276,0.9785714285714285,4.0
7,1785623232.877963,207,1800000,100000,6,83,207,1242,771,763,332,431,8,271,3574.788673948964,0.017125668571428578,0.010376134889753566,0.6666666666666666,0.4351245085190039,0.0,20,20,0,2.4939759036144578,0.9896238651102465,4.0
7,1785623233.38721,171,1800000,100000,6,83,171,1026,680,672,332,340,8,255,2769.8685283016493,0.014147291428571435,0.011764705882352941,0.6666666666666666,0.49404761904761907,0.0,20,20,0,2.0602409638554215,0.9882352941176471,4.0
7,1785623233.914863,172,1800000,100000,6,83,172,1032,686,682,332,350,4,256,2979.4657628928167,0.014230024126984134,0.0058309037900874635,0.6666666666666666,0.4868035190615836,0.0,20,20,0,2.072289156626506,0.9941690962099126,4.0
7,1785623234.446964,209,1800000,100000,6,83,209,1254,772,752,332,420,20,270,3229.2742002284303,0.017291133968253977,0.025906735751295335,0.6666666666666666,0.44148936170212766,0.0,20,20,0,2.5180722891566263,0.9740932642487047,4.0
7,1785623234.9391732,172,1800000,100000,6,83,172,1032,688,688,332,356,0,258,3442.5996757244684,0.014230024126984134,0.0,0.6666666666666666,0.48255813953488375,0.0,20,20,0,2.072289156626506,1.0,4.0
7,1785623235.476374,174,1800000,100000,6,82,174,1044,687,667,328,339,20,251,2761.178122343344,0.014395489523809531,0.02911208151382824,0.6666666666666666,0.4917541229385307,0.0,20,20,0,2.1219512195121952,0.9708879184861717,4.0
7,1785623235.99675,171,1800000,100000,6,83,171,1026,682,678,332,346,0,258,2697.7192178850933,0.014064558730158737,0.0,0.6666666666666666,0.4896755162241888,0.0,20,20,0,2.0602409638554215,0.9941348973607038,4.0
7,1785623236.5179782,172,1800000,100000,6,83,172,1032,688,688,332,356,0,260,4016.4693387493526,0.014230024126984134,0.0,0.6666666666666666,0.48255813953488375,0.0,20,20,0,2.072289156626506,1.0,4.0
7,1785623237.027,173,1800000,100000,6,82,173,1038,686,676,328,348,10,262,3187.5732338694233,0.014312756825396834,0.014577259475218658,0.6666666666666666,0.48520710059171596,0.0,20,20,0,2.1097560975609757,0.9854227405247813,4.0
7,1785623237.536766,170,1800000,100000,6,83,170,1020,678,672,332,340,6,253,2835.83483910194,0.014064558730158737,0.008849557522123894,0.6666666666666666,0.49404761904761907,0.0,20,20,0,2.0481927710843375,0.9911504424778761,4.0
7,1785623238.053639,168,1800000,100000,6,83,168,1008,672,668,332,336,0,251,2906.5415547276975,0.013816360634920642,0.0,0.6666666666666666,0.49700598802395207,0.0,20,20,0,2.0240963855421685,0.9940476190476191,4.0
10,1785623238.726358,280,1800000,100000,6,131,280,2520,1950,1902,917,985,41,831,3500.187511333767,0.01615769600000001,0.021025641025641025,0.7777777777777778,0.482124079915878,0.0,56,56,0,2.1374045801526718,0.9753846153846154,7.0
10,1785623239.3798451,275,1800000,100000,6,130,275,2475,1921,1905,910,995,16,829,4698.20026676703,0.015926044444444454,0.008328995314940135,0.7777777777777778,0.4776902887139108,0.0,56,56,0,2.1153846153846154,0.9916710046850599,7.0
10,1785623240.032236,274,1800000,100000,6,130,274,2466,1916,1908,910,998,8,847,3798.223161324284,0.015868131555555564,0.0041753653444676405,0.7777777777777778,0.4769392033542977,0.0,56,56,0,2.1076923076923078,0.9958246346555324,7.0
10,1785623240.691396,283,1800000,100000,6,132,283,2547,1969,1904,924,980,58,812,3112.048669352084,0.016331434666666676,0.029456576942610464,0.7777777777777778,0.4852941176470588,0.0,56,56,0,2.143939393939394,0.9669883189436262,7.0
10,1785623241.3635998,272,1800000,100000,6,131,272,2448,1897,1885,917,968,12,818,3271.84242993369,0.015752305777777784,0.0063257775434897206,0.7777777777777778,0.48647214854111404,0.0,56,56,0,2.0763358778625953,0.9936742224565103,7.0
10,1785623242.0174332,281,1800000,100000,6,132,281,2529,1952,1926,924,1002,19,833,3146.8998842781925,0.016215608888888896,0.00973360655737705,0.7777777777777778,0.4797507788161994,0.0,56,56,0,2.128787878787879,0.9866803278688525,7.0
10,1785623242.698156,284,1800000,100000,6,130,284,2556,1971,1911,910,1001,60,819,3421.8956376465185,0.01644726044444445,0.030441400304414,0.7777777777777778,0.47619047619047616,0.0,56,56,0,2.1846153846153844,0.969558599695586,7.0
10,1785623243.3632488,288,1800000,100000,6,132,288,2592,1997,1923,924,999,74,828,3086.8608706592227,0.016678912000000008,0.037055583375062595,0.7777777777777778,0.48049921996879874,0.0,56,56,0,2.1818181818181817,0.9629444166249375,7.0
10,1785623244.03999,272,1800000,100000,6,132,272,2448,1902,1885,924,961,10,813,3439.7246405752726,0.015694392888888898,0.005257623554153523,0.7777777777777778,0.49018567639257293,0.0,56,56,0,2.0606060606060606,0.991062039957939,7.0
10,1785623244.71194,280,1800000,100000,6,131,280,2520,1950,1922,917,1005,28,835,4012.9644968483917,0.016215608888888896,0.014358974358974359,0.7777777777777778,0.47710718002081165,0.0,56,56,0,2.1374045801526718,0.9856410256410256,7.0
10,1785623245.3855062,281,1800000,100000,6,131,281,2529,1967,1925,917,1008,0,851,4888.740703518836,0.015926044444444454,0.0,0.7777777777777778,0.4763636363636364,0.0,56,56,0,2.145038167938931,0.9786476868327402,7.0
10,1785623246.09638,279,1800000,100000,6,130,279,2511,1947,1922,910,1012,25,854,4710.532751384355,0.016157696000000006,0.012840267077555213,0.7777777777777778,0.47346514047866806,0.0,56,56,0,2.146153846153846,0.9871597329224447,7.0
10,1785623246.802668,271,1800000,100000,6,130,271,2439,1895,1889,910,979,6,832,3845.1932589931876,0.015694392888888898,0.0031662269129287598,0.7777777777777778,0.48173636844891476,0.0,56,56,0,2.0846153846153848,0.9968337730870712,7.0
10,1785623247.518794,281,1800000,100000,6,132,281,2529,1955,1897,924,973,58,825,3297.9568203419535,0.016273521777777782,0.029667519181585677,0.7777777777777778,0.4870848708487085,0.0,56,56,0,2.128787878787879,0.9703324808184143,7.0
10,1785623248.245904,278,1800000,100000,6,130,278,2502,1946,1946,910,1036,0,874,4732.173610195188,0.01609978311111112,0.0,0.7777777777777778,0.4676258992805755,0.0,56,56,0,2.1384615384615384,1.0,7.0
10,1785623248.96546,276,1800000,100000,6,132,276,2484,1926,1884,924,960,28,814,3350.6189019597064,0.015868131555555564,0.014537902388369679,0.7777777777777778,0.49044585987261147,0.0,56,56,0,2.090909090909091,0.9781931464174455,7.0
10,1785623249.657117,275,1800000,100000,6,131,275,2475,1915,1879,917,962,36,810,3365.2375251317053,0.015926044444444454,0.018798955613577025,0.7777777777777778,0.4880255455029271,0.0,56,56,0,2.099236641221374,0.981201044386423,7.0
10,1785623250.402344,283,1800000,100000,6,132,283,2547,1973,1913,924,989,39,827,3492.0145189183677,0.016215608888888896,0.019766852508869743,0.7777777777777778,0.4830109775222164,0.0,56,56,0,2.143939393939394,0.9695894576786619,7.0
10,1785623251.098791,275,1800000,100000,6,131,275,2475,1921,1904,917,987,17,824,3561.3222825790185,0.015926044444444454,0.008849557522123894,0.7777777777777778,0.48161764705882354,0.0,56,56,0,2.099236641221374,0.9911504424778761,7.0
10,1785623251.847463,274,1800000,100000,6,131,274,2466,1911,1890,917,973,21,823,3071.9999999947377,0.015868131555555564,0.01098901098901099,0.7777777777777778,0.48518518518518516,0.0,56,56,0,2.0916030534351147,0.989010989010989,7.0
12,1785623252.7393122,361,1800000,100000,6,163,361,3971,3226,3162,1467,1695,64,1441,5033.334074674949,0.017422127407407416,0.019838809671419714,0.8181818181818182,0.4639468690702087,0.0,90,90,0,2.214723926380368,0.9801611903285803,9.0
12,1785623253.65127,348,1800000,100000,6,164,348,3828,3125,3094,1476,1618,31,1406,4231.712225164794,0.016794737777777787,0.00992,0.8181818181818182,0.4770523594053006,0.0,90,90,0,2.1219512195121952,0.99008,9.0
12,1785623254.5325482,357,1800000,100000,6,163,357,3927,3203,3146,1467,1679,57,1422,5571.063581087547,0.017229084444444452,0.017795816422104278,0.8181818181818182,0.4663064208518754,0.0,90,90,0,2.1901840490797544,0.9822041835778957,9.0
12,1785623255.402901,359,1800000,100000,6,163,359,3949,3217,3156,1467,1689,61,1418,5025.131587666629,0.017325605925925934,0.01896176562014299,0.8181818181818182,0.46482889733840305,0.0,90,90,0,2.2024539877300615,0.981038234379857,9.0
12,1785623256.3158898,350,1800000,100000,6,164,350,3850,3140,3086,1476,1610,54,1381,3968.2307789567544,0.016891259259259266,0.017197452229299363,0.8181818181818182,0.4782890473104342,0.0,90,90,0,2.1341463414634148,0.9828025477707006,9.0
12,1785623257.194707,360,1800000,100000,6,164,360,3960,3234,3195,1476,1719,30,1468,5284.343186641449,0.017325605925925934,0.00927643784786642,0.8181818181818182,0.4619718309859155,0.0,90,90,0,2.1951219512195124,0.9879406307977736,9.0
12,1785623258.057504,347,1800000,100000,6,162,347,3817,3119,3097,1458,1639,22,1400,5602.702357299538,0.016746477037037046,0.007053542802180186,0.8181818181818182,0.47077817242492737,0.0,90,90,0,2.1419753086419755,0.9929464571978198,9.0
12,1785623258.928771,353,1800000,100000,6,163,353,3883,3169,3129,1467,1662,40,1405,4839.9155842831005,0.01703604148148149,0.012622278321236984,0.8181818181818182,0.46883988494726747,0.0,90,90,0,2.165644171779141,0.987377721678763,9.0
12,1785623260.002615,347,1800000,100000,6,163,347,3817,3117,3084,1467,1617,33,1378,4657.734767865407,0.016746477037037046,0.010587102983638113,0.8181818181818182,0.47568093385214005,0.0,90,90,0,2.128834355828221,0.9894128970163619,9.0
12,1785623261.0356748,369,1800000,100000,6,163,369,4059,3287,3224,1467,1757,63,1462,5214.581904403595,0.01780821333333334,0.0191664131426833,0.8181818181818182,0.45502481389578164,0.0,90,90,0,2.263803680981595,0.9808335868573167,9.0
12,1785623261.8997388,349,1800000,100000,6,163,349,3839,3128,3054,1467,1587,74,1382,3948.8672841445414,0.016842998518518525,0.023657289002557546,0.8181818181818182,0.48035363457760316,0.0,90,90,0,2.1411042944785277,0.9763427109974424,9.0
12,1785623262.779833,354,1800000,100000,6,163,354,3894,3173,3096,1467,1629,77,1393,4006.2475060069073,0.017084302222222233,0.024267254963756698,0.8181818181818182,0.4738372093023256,0.0,90,90,0,2.1717791411042944,0.9757327450362433,9.0
12,1785623263.6999161,372,1800000,100000,6,163,372,4092,3306,3210,1467,1743,96,1451,4233.9921016909075,0.017952995555555566,0.029038112522686024,0.8181818181818182,0.4570093457943925,0.0,90,90,0,2.2822085889570554,0.9709618874773139,9.0
12,1785623264.6936672,424,1800000,100000,6,163,424,4664,3705,3563,1467,2096,133,1580,6492.71530556624,0.020414293333333344,0.035897435897435895,0.8181818181818182,0.4117316867808027,0.0,90,90,0,2.6012269938650308,0.9616734143049932,9.0
12,1785623265.553299,335,1800000,100000,6,163,335,3685,3013,3003,1467,1536,10,1348,3552.176738829762,0.016167348148148155,0.003318951211417192,0.8181818181818182,0.4885114885114885,0.0,90,90,0,2.0552147239263805,0.9966810487885828,9.0
12,1785623266.443684,366,1800000,100000,6,163,366,4026,3263,3189,1467,1722,74,1404,4217.182137006885,0.01766343111111112,0.022678516702421086,0.8181818181818182,0.46001881467544686,0.0,90,90,0,2.245398773006135,0.977321483297579,9.0
12,1785623267.3102038,351,1800000,100000,6,163,351,3861,3155,3132,1467,1665,23,1418,5377.603212163493,0.016939520000000007,0.007290015847860539,0.8181818181818182,0.46839080459770116,0.0,90,90,0,2.1533742331288344,0.9927099841521395,9.0
12,1785623268.1950772,348,1800000,100000,6,163,348,3828,3132,3132,1467,1665,0,1416,5186.131827432969,0.016794737777777787,0.0,0.8181818181818182,0.46839080459770116,0.0,90,90,0,2.1349693251533743,1.0,9.0
12,1785623269.1014452,378,1800000,100000,6,163,378,4158,3357,3281,1467,1814,76,1497,4350.944558539298,0.01824256000000001,0.02263926124515937,0.8181818181818182,0.4471197805547089,0.0,90,90,0,2.3190184049079754,0.9773607387548406,9.0
12,1785623269.986732,369,1800000,100000,6,164,369,4059,3283,3155,1476,1679,128,1410,3746.434564398594,0.01780821333333334,0.038988729820286325,0.8181818181818182,0.46782884310618067,0.0,90,90,0,2.25,0.9610112701797137,9.0
14,1785623271.16675,439,1800000,100000,6,191,439,5707,4812,4708,2101,2607,104,2169,7235.149080492214,0.01815982730158731,0.021612635078969242,0.8461538461538461,0.4462616822429907,0.0,132,132,0,2.298429319371728,0.9783873649210307,11.0
14,1785623272.398486,463,1800000,100000,6,191,463,6019,4990,4886,2100,2786,104,2253,6340.2576300136625,0.01915261968253969,0.020841683366733466,0.8457511075312123,0.4297994269340974,0.015151515151515152,132,130,2,2.424083769633508,0.9791583166332666,10.99476439790576
14,1785623273.554765,434,1800000,100000,6,191,434,5642,4757,4669,2101,2568,77,2169,6519.708611611989,0.017911629206349214,0.016186672272440614,0.8461538461538461,0.44998929106875135,0.0,132,132,0,2.2722513089005236,0.9815009459743536,11.0
14,1785623274.854209,479,1800000,100000,6,191,479,6227,5243,5060,2101,2959,183,2410,10723.455948083323,0.01981448126984128,0.03490368109860767,0.8461538461538461,0.4152173913043478,0.0,132,132,0,2.507853403141361,0.9650963189013924,11.0
14,1785623276.012278,428,1800000,100000,6,191,428,5564,4690,4587,2101,2486,103,2125,5129.5328807700935,0.017704797460317466,0.021961620469083155,0.8461538461538461,0.4580335731414868,0.0,132,132,0,2.2408376963350785,0.9780383795309169,11.0
14,1785623277.149986,424,1800000,100000,6,191,424,5512,4650,4544,2101,2443,106,2104,5776.526496584057,0.01753933206349207,0.022795698924731184,0.8461538461538461,0.4623679577464789,0.0,132,132,0,2.2198952879581153,0.9772043010752688,11.0
14,1785623278.356478,450,1800000,100000,6,191,450,5850,4905,4717,2101,2616,188,2171,5709.209760730678,0.01861485714285715,0.03832823649337411,0.8461538461538461,0.4454102183591266,0.0,132,132,0,2.356020942408377,0.9616717635066259,11.0
14,1785623279.4968908,430,1800000,100000,6,191,430,5590,4710,4576,2101,2475,134,2144,5777.095167892903,0.01778753015873017,0.028450106157112527,0.8461538461538461,0.45913461538461536,0.0,132,132,0,2.25130890052356,0.9715498938428875,11.0
14,1785623280.677452,430,1800000,100000,6,191,430,5590,4709,4635,2101,2534,74,2153,5475.966405771427,0.01778753015873017,0.015714589084731365,0.8461538461538461,0.4532901833872708,0.0,132,132,0,2.25130890052356,0.9842854109152687,11.0
14,1785623281.90872,428,1800000,100000,6,190,428,5564,4698,4637,2090,2547,61,2197,6318.637773478059,0.017704797460317466,0.012984248616432525,0.8461538461538461,0.4507224498598232,0.0,132,132,0,2.2526315789473683,0.9870157513835675,11.0
14,1785623283.020884,418,1800000,100000,6,191,418,5434,4584,4498,2101,2397,86,2082,6035.477777268729,0.017291133968253977,0.018760907504363003,0.8461538461538461,0.4670964873277012,0.0,132,132,0,2.18848167539267,0.981239092495637,11.0
14,1785623284.1668081,430,1800000,100000,6,191,430,5590,4711,4588,2101,2487,123,2091,6052.288994453725,0.01778753015873017,0.026109106346847804,0.8461538461538461,0.4579337401918047,0.0,132,132,0,2.25130890052356,0.9738908936531522,11.0
14,1785623285.391766,451,1800000,100000,6,189,451,5863,4949,4871,2079,2792,78,2299,9243.709421335561,0.0186562234920635,0.015760759749444332,0.8461538461538461,0.4268117429685896,0.0,132,132,0,2.386243386243386,0.9842392402505556,11.0
14,1785623286.698545,480,1800000,100000,6,189,480,6240,5276,5208,2079,3129,24,2534,12773.712690169363,0.019690382222222233,0.004548900682335102,0.8461538461538461,0.39919354838709675,0.0,132,132,0,2.5396825396825395,0.9871114480667172,11.0
14,1785623288.0296562,488,1800000,100000,6,190,488,6344,5277,5183,2090,3093,94,2437,8830.972673400693,0.02018677841269842,0.017813151411787,0.8461538461538461,0.40324136600424465,0.0,132,132,0,2.568421052631579,0.982186848588213,11.0
14,1785623289.2453902,446,1800000,100000,6,189,446,5798,4894,4807,2079,2728,87,2251,9045.726542266373,0.018449391746031756,0.017776869636289334,0.8461538461538461,0.43249427917620137,0.0,132,132,0,2.35978835978836,0.9822231303637107,11.0
14,1785623290.4464371,454,1800000,100000,6,191,454,5902,4970,4760,2101,2659,199,2263,8398.163352077989,0.018738956190476202,0.04004024144869215,0.8461538461538461,0.4413865546218487,0.0,132,132,0,2.3769633507853403,0.9577464788732394,11.0
14,1785623291.592756,430,1800000,100000,6,191,430,5590,4698,4535,2101,2434,163,2084,4828.304742507451,0.01778753015873017,0.03469561515538527,0.8461538461538461,0.46328555678059535,0.0,132,132,0,2.25130890052356,0.9653043848446148,11.0
14,1785623292.9137018,486,1800000,100000,6,190,486,6318,5332,5224,2090,3134,108,2540,12867.758520168461,0.020104045714285725,0.020255063765941484,0.8461538461538461,0.4000765696784073,0.0,132,132,0,2.557894736842105,0.9797449362340586,11.0
14,1785623294.196817,467,1800000,100000,6,191,467,6071,5061,4919,2101,2818,109,2278,6177.732525823277,0.01919398603174604,0.021537245603635645,0.8461538461538461,0.42711933319780443,0.0,132,132,0,2.445026178010471,0.9719423038925114,11.0
17,1785623296.696766,677,1800000,100000,6,242,677,10832,9457,9267,3388,5879,190,4828,20408.799460825587,0.023062956339869295,0.020090937929575975,0.875,0.36559835977123123,0.0,210,210,0,2.7975206611570247,0.979909062070424,14.0
17,1785623299.663746,899,1800000,100000,6,235,899,14384,12580,10642,3276,7366,34,6070,33301.84799733605,0.025992667189542497,0.002702702702702703,0.8712765957446809,0.30783687276827665,0.0,210,210,0,3.825531914893617,0.845945945945946,13.940425531914894
17,1785623302.202214,711,1800000,100000,6,245,711,11376,9614,9271,3429,5842,343,4553,11965.254965626062,0.024221214117647067,0.035677137507801125,0.8747448979591836,0.3698630136986301,0.0,210,210,0,2.9020408163265308,0.9643228624921989,13.995918367346938
17,1785623304.874433,729,1800000,100000,6,242,729,11664,10118,9770,3388,6382,110,5220,21187.575951072664,0.02425528052287583,0.01087171377742637,0.875,0.34677584442169906,0.0,210,210,0,3.012396694214876,0.9656058509586875,14.0
17,1785623307.306775,669,1800000,100000,6,243,669,10704,9342,9156,3402,5754,186,4732,17360.858327980102,0.02279042509803923,0.01991008349389852,0.875,0.37155963302752293,0.0,210,210,0,2.753086419753086,0.9800899165061014,14.0
17,1785623309.8736682,697,1800000,100000,6,240,697,11152,9707,9657,3360,6297,36,5105,19970.75339973307,0.0237102180392157,0.0037086638508292986,0.875,0.3479341410375893,0.0,210,210,0,2.904166666666667,0.9948490779849594,14.0
17,1785623312.9508421,776,1800000,100000,6,234,776,12416,10858,10730,3276,7454,58,6112,34576.178526237774,0.026265198431372563,0.005341683551298581,0.875,0.30531220876048465,0.0,210,210,0,3.3162393162393164,0.9882114569902376,14.0
17,1785623315.497034,674,1800000,100000,6,238,674,10784,9415,9346,3332,6014,69,4903,21425.76343883092,0.022960757124183016,0.007328730748805098,0.875,0.3565161566445538,0.0,210,210,0,2.831932773109244,0.9926712692511949,14.0
17,1785623318.4091609,733,1800000,100000,6,235,733,11728,10237,10012,3290,6722,85,5576,31111.477648096617,0.024630010980392168,0.008303213832177395,0.875,0.3286056731921694,0.0,210,210,0,3.119148936170213,0.9780209045618834,14.0
17,1785623321.249449,748,1800000,100000,6,232,748,11968,10468,10387,3248,7139,39,6075,34601.76809709993,0.02537947189542485,0.003725640045854031,0.875,0.3126985655145855,0.0,210,210,0,3.2241379310344827,0.992262132212457,14.0
17,1785623324.172313,750,1800000,100000,6,230,750,12000,10497,10444,3220,7224,53,6099,33346.762879324684,0.02554980392156864,0.005049061636658093,0.875,0.30831099195710454,0.0,210,210,0,3.260869565217391,0.9949509383633419,14.0
17,1785623327.203305,799,1800000,100000,6,232,799,12784,11180,10639,3234,7405,65,6310,39530.77435386263,0.02609486640522877,0.005813953488372093,0.8712284482758621,0.3039759375881192,0.0,210,210,0,3.4439655172413794,0.9516100178890876,13.939655172413794
17,1785623329.7897558,696,1800000,100000,6,240,696,11136,9711,9480,3360,6120,91,4940,20896.533766196393,0.023369553986928117,0.009370816599732263,0.875,0.35443037974683544,0.0,210,210,0,2.9,0.9762125424776027,14.0
17,1785623332.806905,823,1800000,100000,6,235,823,13168,11500,10715,3276,7439,87,6098,35954.99391774907,0.02633333124183008,0.007565217391304348,0.8712765957446809,0.30573961735884275,0.0,210,210,0,3.502127659574468,0.9317391304347826,13.940425531914894
17,1785623335.488885,746,1800000,100000,6,241,746,11936,10394,9898,3374,6524,118,5446,21164.116567252786,0.024493745359477136,0.011352703482778526,0.875,0.3408769448373409,0.0,210,210,0,3.095435684647303,0.9522801616317106,14.0
17,1785623338.110689,728,1800000,100000,6,241,728,11648,10174,9677,3346,6331,105,5037,24742.05088587819,0.02388055006535949,0.010320424611755455,0.8677385892116183,0.3457683166270538,0.0,210,210,0,3.020746887966805,0.9511499901710242,13.883817427385893
17,1785623340.6848562,699,1800000,100000,6,242,699,11184,9675,9554,3388,6166,121,4930,18235.324463947985,0.023812417254901973,0.012506459948320413,0.875,0.3546158676993929,0.0,210,210,0,2.8884297520661155,0.9874935400516796,14.0
17,1785623343.305753,703,1800000,100000,6,245,703,11248,9807,9536,3430,6106,48,4809,19947.751264946168,0.023403620392156873,0.004894463138574488,0.875,0.35968959731543626,0.0,210,210,0,2.869387755102041,0.9723666768634649,14.0
17,1785623345.776603,676,1800000,100000,6,243,676,10816,9439,9404,3402,6002,35,4932,20506.334164908334,0.023028889934640535,0.0037080199173641277,0.875,0.3617609527860485,0.0,210,210,0,2.7818930041152266,0.9962919800826359,14.0
17,1785623348.344448,706,1800000,100000,6,244,706,11296,9871,9555,3402,6153,120,4908,20118.42939948269,0.023573952418300667,0.012156823016918245,0.8714139344262295,0.35604395604395606,0.0,210,210,0,2.8934426229508197,0.9679870327221153,13.942622950819672
22,1785623355.058788,1727,1800000,100000,6,283,1727,36267,32798,19266,4864,14402,24,13449,124339.32948918972,0.026771549090909102,0.0007317519360936643,0.8184418643782602,0.252465483234714,0.0,380,380,0,6.102473498233215,0.5874138666991889,17.187279151943464
22,1785623361.864407,1556,1800000,100000,6,281,1556,32676,29226,19439,4898,14541,296,13218,110205.4809843454,0.027798186666666683,0.0101279682474509,0.8300288086764955,0.25196769381141004,0.005263157894736842,380,378,2,5.537366548042705,0.6651269417641825,17.430604982206404
22,1785623368.605749,1691,1800000,100000,6,282,1691,35511,32118,19674,4826,14848,0,14054,124827.90370453167,0.027271705858585876,0.0,0.8149273893954745,0.24529836332215108,0.0,380,380,0,5.99645390070922,0.6125537082010087,17.113475177304963
22,1785623375.134829,1451,1800000,100000,6,291,1451,30471,27521,19221,5111,14110,0,13179,90670.63202372937,0.026718901010101024,0.0,0.8363606611029292,0.2659070807970449,0.0,380,380,0,4.986254295532646,0.6984121216525563,17.563573883161514
22,1785623382.047612,1855,1800000,100000,6,286,1855,38955,35181,19733,4864,14869,71,13918,127173.83094031624,0.027508622222222237,0.0020181347886643356,0.8098568098568099,0.24649065017990168,0.0,380,380,0,6.486013986013986,0.5608993490804696,17.006993006993007
22,1785623388.777515,1612,1800000,100000,6,284,1612,33852,30618,19307,4902,14405,45,13535,113439.21671943541,0.026824197171717187,0.0014697236919459142,0.8219315895372233,0.25389755011135856,0.0,380,380,0,5.676056338028169,0.6305767848977726,17.260563380281692
22,1785623395.3447628,1667,1800000,100000,6,288,1667,35007,31554,19273,4996,14277,0,13185,113879.09201479738,0.026876845252525268,0.0,0.826058201058201,0.25922274684792196,0.0,380,380,0,5.788194444444445,0.6107941940799898,17.34722222222222
22,1785623402.026073,1581,1800000,100000,6,285,1581,33201,29898,19438,4863,14575,76,13608,111229.50400063132,0.02721905777777779,0.0025419760519098267,0.812531328320802,0.2501800596769215,0.0,380,380,0,5.5473684210526315,0.6501438223292528,17.063157894736843
22,1785623408.733335,1627,1800000,100000,6,287,1627,34167,30726,19478,4977,14501,187,13464,103601.96136318038,0.027482298181818198,0.006086050901516631,0.8257839721254355,0.2555190471300955,0.005263157894736842,380,378,2,5.668989547038327,0.633925665560112,17.341463414634145
22,1785623415.304023,1456,1800000,100000,6,290,1456,30576,27435,19335,5186,14149,97,13213,85686.51664460321,0.02721905777777779,0.0035356296701293966,0.851559934318555,0.2682182570468063,0.005263157894736842,380,378,2,5.020689655172414,0.7047566976489885,17.882758620689657
22,1785623422.098639,1682,1800000,100000,6,284,1682,35322,31950,19649,4921,14728,28,13939,122863.54888053797,0.027271705858585876,0.0008763693270735524,0.8251173708920188,0.2504453152832205,0.0,380,380,0,5.922535211267606,0.6149921752738654,17.327464788732396
22,1785623428.701069,1515,1800000,100000,6,289,1515,31815,28757,19332,4959,14373,23,13417,104927.75550617625,0.026876845252525268,0.0007998052648050909,0.8171033119130005,0.2565176908752328,0.0,380,380,0,5.242214532871972,0.6722537121396529,17.15916955017301
22,1785623435.1276648,1710,1800000,100000,6,288,1710,35910,32406,19148,4863,14285,79,13468,125685.35393269164,0.02674522505050506,0.0024378201567610935,0.8040674603174603,0.2539690829329434,0.0,380,380,0,5.9375,0.5908782324260939,16.885416666666668
22,1785623441.7704031,1486,1800000,100000,6,289,1486,31206,28222,19389,5054,14335,0,13376,100392.07671239758,0.02690316929292931,0.0,0.8327566320645905,0.26066326267471246,0.0,380,380,0,5.141868512110727,0.6870172206080363,17.4878892733564
22,1785623448.66343,1496,1800000,100000,6,283,1496,31416,28367,19576,4978,14598,22,13660,108111.41092228878,0.027245381818181834,0.0007755490534776324,0.8376240955746256,0.2542909685328974,0.0,380,380,0,5.286219081272085,0.6900976486762788,17.59010600706714
22,1785623455.542052,1586,1800000,100000,6,284,1586,33306,30090,19485,4940,14545,121,13544,115433.89103040565,0.027245381818181834,0.004021269524759057,0.8283031522468142,0.25352835514498334,0.0,380,380,0,5.584507042253521,0.6475573280159521,17.3943661971831
22,1785623462.269427,1612,1800000,100000,6,288,1612,33852,30537,19553,5015,14538,0,13479,112510.12377034483,0.02721905777777779,0.0,0.8291997354497355,0.2564823812202731,0.0,380,380,0,5.597222222222222,0.6403052035235943,17.413194444444443
22,1785623468.977469,1737,1800000,100000,6,284,1737,36477,32992,19371,4788,14583,0,13758,138873.29622632635,0.026876845252525268,0.0,0.8028169014084507,0.24717361003562024,0.0,380,380,0,6.116197183098592,0.5871423375363725,16.859154929577464
22,1785623475.4374442,1598,1800000,100000,6,286,1598,33558,30361,19056,4959,14097,0,13303,112036.57548320532,0.02642933656565658,0.0,0.8256743256743256,0.2602329974811083,0.0,380,380,0,5.5874125874125875,0.6276473106946412,17.33916083916084
22,1785623482.010607,1742,1800000,100000,6,283,1742,36582,33062,19178,4788,14390,0,13728,131050.26470771026,0.026639928888888904,0.0,0.8056537102473498,0.24966106997601417,0.0,380,380,0,6.15547703180212,0.5800617022563668,16.918727915194346
32,1785623497.3616168,3977,1800000,100000,6,398,3977,123287,115232,33515,8613,24902,76,24433,248422.4856641682,0.02099342222222223,0.000659539016939739,0.6980872102447723,0.25698940772788303,0.0,870,870,0,9.992462311557789,0.29084802832546514,21.64070351758794
32,1785623513.186733,4157,1800000,100000,6,397,4157,128867,120474,33363,8555,24808,0,24278,264008.3012291571,0.02084864000000001,0.0,0.6951328512228813,0.25642178461169557,0.0,870,870,0,10.47103274559194,0.27693112206783205,21.54911838790932
32,1785623528.946075,3821,1800000,100000,6,398,3821,118451,110715,33386,8439,24947,33,24500,250713.92041752324,0.020902933333333346,0.00029806259314456036,0.6839844383206355,0.2527706224165818,0.0,870,870,0,9.600502512562814,0.30154902226437247,21.2035175879397
32,1785623544.84847,3850,1800000,100000,6,398,3850,119350,111124,33985,8610,25375,141,24863,240673.83204693414,0.021482062222222233,0.0012688528130736835,0.6978440590047009,0.2533470648815654,0.0022988505747126436,870,868,2,9.673366834170855,0.3058295237752421,21.633165829145728
32,1785623560.49933,3898,1800000,100000,6,397,3898,120838,112925,33103,8410,24693,40,24274,257211.8944085077,0.020740053333333345,0.0003542174009298207,0.68335093849029,0.25405552366854967,0.0,870,870,0,9.818639798488665,0.29314146557449633,21.183879093198993
32,1785623576.297059,3821,1800000,100000,6,398,3821,118451,110611,33558,8583,24975,0,24475,245534.85457905522,0.02101152000000001,0.0,0.695655697844059,0.2557661362417307,0.0,870,870,0,9.600502512562814,0.3033875473506252,21.565326633165828
32,1785623591.345088,3916,1800000,100000,6,399,3916,121396,113539,32604,8323,24281,38,23932,264927.40683796076,0.020396195555555566,0.0003346867596156387,0.6728919071873232,0.2552754263280579,0.0,870,870,0,9.814536340852131,0.287161239750218,20.859649122807017
32,1785623607.08415,3984,1800000,100000,6,399,3984,123504,115016,33828,8637,25191,143,24589,244632.4763222943,0.02135537777777779,0.0012433052792654934,0.6982779529468833,0.2553210358283079,0.0,870,870,0,9.984962406015038,0.29411560130764414,21.646616541353385
32,1785623622.929657,3939,1800000,100000,6,398,3939,122109,114050,33634,8671,24963,0,24526,249886.7427207041,0.02104771555555557,0.0,0.7027881342194845,0.25780460248558007,0.0,870,870,0,9.896984924623116,0.29490574309513373,21.78643216080402
32,1785623638.500716,3963,1800000,100000,6,397,3963,122853,114692,33221,8410,24811,110,24380,255891.5360928708,0.020902933333333346,0.0009590904335088759,0.68335093849029,0.25315312603473705,0.0022988505747126436,870,868,2,9.982367758186397,0.28965402992362155,21.183879093198993
32,1785623654.104178,3806,1800000,100000,6,398,3806,117986,110081,33446,8550,24896,30,24296,249012.1487403891,0.02099342222222223,0.0002725265940534697,0.6929810342032744,0.25563595048735277,0.0,870,870,0,9.56281407035176,0.30383081549041163,21.482412060301506
32,1785623669.7972329,3889,1800000,100000,6,400,3889,120559,112344,33819,8555,25264,34,24625,252388.0022840118,0.0212648888888889,0.00030264188563697216,0.6899193548387097,0.2529643100032526,0.0,870,870,0,9.7225,0.3010307626575518,21.3875
32,1785623685.442742,3931,1800000,100000,6,399,3931,121861,113812,33436,8468,24968,88,24479,255078.1577838934,0.02099342222222223,0.000773204934453309,0.6846147627132347,0.2532599593252781,0.0,870,870,0,9.852130325814537,0.2937827294134186,21.223057644110277
32,1785623701.178406,3881,1800000,100000,6,399,3881,120311,112467,33389,8526,24863,48,24382,250431.06246759847,0.020902933333333346,0.00042679185894529064,0.6893039049235993,0.25535355955554223,0.0,870,870,0,9.726817042606516,0.2968781953817564,21.36842105263158
32,1785623716.9744158,3976,1800000,100000,6,399,3976,123256,114215,33267,8424,24843,700,24231,254742.49407902348,0.021572551111111123,0.006128792190167666,0.6810574824157167,0.2532239155920281,0.011494252873563218,870,860,10,9.964912280701755,0.29126647112901105,21.112781954887218
32,1785623732.528883,4062,1800000,100000,6,398,4062,125922,117651,33287,8468,24819,33,24373,263767.04814031924,0.02084864000000001,0.00028049060356478056,0.6863349003079916,0.2543936071138883,0.0,870,870,0,10.206030150753769,0.28293002184426824,21.276381909547737
32,1785623748.282677,3894,1800000,100000,6,398,3894,120714,112522,33351,8435,24916,97,24382,252709.97784429495,0.02104771555555557,0.0008620536428431773,0.683660236667207,0.25291595454409166,0.0022988505747126436,870,868,2,9.78391959798995,0.29639537157178153,21.193467336683415
32,1785623763.590861,4078,1800000,100000,6,400,4078,126418,118159,33187,8468,24719,0,24269,258596.7515681637,0.020758151111111123,0.0,0.6829032258064516,0.25516015307198603,0.0,870,870,0,10.195,0.2808673059182965,21.17
32,1785623779.295151,4031,1800000,100000,6,399,4031,124961,116661,33615,8439,25176,72,24612,248607.49305788608,0.021120106666666676,0.0006171728341090853,0.6822701916080524,0.2510486390004462,0.0,870,870,0,10.102756892230577,0.2881425669246792,21.150375939849624
32,1785623794.612763,4029,1800000,100000,6,397,4029,124899,116825,32702,8381,24321,0,23934,265728.5015795828,0.020414293333333344,0.0,0.6809945559437718,0.2562840193260351,0.0,870,870,0,10.148614609571789,0.2799229616948427,21.110831234256928
52,1785623844.752,11339,1800000,100000,6,664,11339,578289,554275,63148,16218,46930,63,46180,498434.66706828977,0.014422536752136759,0.00011366199088899914,0.4789156626506024,0.2568252359536327,0.0008163265306122449,2450,2448,2,17.076807228915662,0.11392900635965901,24.424698795180724
52,1785623894.747856,10999,1800000,100000,6,664,10999,560949,537518,63029,16117,46912,384,46220,484445.1008684475,0.014489359316239323,0.000714394680736273,0.4759331443420742,0.25570769011090133,0.0016326530612244899,2450,2446,4,16.56475903614458,0.1172593289899129,24.272590361445783
52,1785623945.045727,11224,1800000,100000,6,665,11224,572424,547719,63910,16510,47400,183,46789,484356.03119220916,0.014645278632478637,0.0003341129301703976,0.48680524841515554,0.2583320294163668,0.0016326530612244899,2450,2446,4,16.878195488721804,0.11668392003929022,24.827067669172934
52,1785623994.0707788,11100,1800000,100000,6,664,11100,566100,542871,62521,15966,46555,424,45962,496326.52476656553,0.014377988376068383,0.0007810326946917407,0.47147413182140324,0.2553701956142736,0.0008163265306122449,2450,2448,2,16.716867469879517,0.11516732336043001,24.045180722891565
52,1785624043.834661,11128,1800000,100000,6,665,11128,567528,542521,63709,16254,47455,243,46939,483864.53651208704,0.014667552820512826,0.0004479089288709561,0.4792569659442725,0.2551287887111711,0.0024489795918367346,2450,2444,6,16.733834586466166,0.11743139896888784,24.442105263157895
52,1785624092.631913,11276,1800000,100000,6,664,11276,575076,552149,63320,16267,47053,120,46534,489784.69003600895,0.014444810940170945,0.00021733264028369153,0.48036262697850224,0.25690145293746053,0.0,2450,2450,0,16.981927710843372,0.11467918985636123,24.498493975903614
52,1785624140.636416,11075,1800000,100000,6,665,11075,564825,542527,62496,15925,46571,0,46018,495626.7130642016,0.014222069059829066,0.0,0.4695562435500516,0.2548163082437276,0.0,2450,2450,0,16.654135338345863,0.11519426682911633,23.94736842105263
52,1785624189.480281,11050,1800000,100000,6,665,11050,563550,540830,62845,16021,46824,87,46198,481861.86139534827,0.014344577094017099,0.00016086385740435996,0.47238684947663273,0.2549287930622961,0.0,2450,2450,0,16.616541353383457,0.11620102435145979,24.09172932330827
52,1785624239.000768,11092,1800000,100000,6,664,11092,565692,543060,63572,16317,47255,60,46787,487302.3222496847,0.014489359316239323,0.00011048502927853276,0.4818391211906449,0.25666960296986097,0.0,2450,2450,0,16.704819277108435,0.11706257135491474,24.573795180722893
52,1785624289.0754812,10972,1800000,100000,6,665,10972,559572,536217,63661,16267,47394,118,46955,483444.02143513924,0.01456731897435898,0.0002200601622104484,0.479640277163497,0.255525360895996,0.0008163265306122449,2450,2448,2,16.499248120300752,0.1187224575125369,24.461654135338346
52,1785624337.412312,10902,1800000,100000,6,665,10902,556002,533425,62816,15974,46842,59,46304,491646.88960920094,0.014333440000000008,0.00011060598959553826,0.4710010319917441,0.25429826795720833,0.0,2450,2450,0,16.393984962406016,0.11775976004124292,24.021052631578947
52,1785624386.626817,11013,1800000,100000,6,665,11013,561663,538151,63035,16217,46818,322,46374,479979.7618026221,0.014478222222222227,0.0005983450741520503,0.47816600324340264,0.2572697707622749,0.0,2450,2450,0,16.560902255639096,0.11713255201606984,24.386466165413534
52,1785624436.663448,10866,1800000,100000,6,665,10866,554166,532051,63315,16023,47292,152,46850,488481.41100969503,0.01445594803418804,0.00028568689843642807,0.4724458204334365,0.2530679933665008,0.0,2450,2450,0,16.33984962406015,0.11900174983225292,24.094736842105263
52,1785624486.470925,11006,1800000,100000,6,666,11006,561306,538566,63586,16366,47220,140,46715,480087.5186880528,0.014511633504273511,0.000259949569783462,0.481834775952423,0.25738370081464473,0.0,2450,2450,0,16.525525525525527,0.11806538103036582,24.573573573573572
52,1785624537.857773,11349,1800000,100000,6,665,11349,578799,551720,63896,16297,47599,482,46692,489096.22577623476,0.014823472136752142,0.0008736315522366418,0.4805248415155536,0.2550550895204708,0.004081632653061225,2450,2440,10,17.066165413533835,0.11581236859276445,24.506766917293234
52,1785624588.046453,10874,1800000,100000,6,665,10874,554574,531435,63545,16267,47278,215,46626,483138.40435187507,0.014556181880341888,0.0004045649985416843,0.479640277163497,0.25599181682272404,0.0,2450,2450,0,16.35187969924812,0.11957247828991316,24.461654135338346
52,1785624637.249727,10917,1800000,100000,6,665,10917,556767,534087,63312,15973,47339,252,46816,487004.09492427483,0.014489359316239323,0.00047183324065180394,0.47097154651334217,0.25229024513520343,0.0,2450,2450,0,16.416541353383458,0.11854248465137703,24.01954887218045
52,1785624686.553167,10877,1800000,100000,6,665,10877,554727,531593,63387,16266,47121,121,46615,484685.0832663403,0.014500496410256417,0.00022761774515465778,0.4796107916850951,0.2566141322353164,0.0,2450,2450,0,16.35639097744361,0.11923971910841565,24.46015037593985
52,1785624735.577861,10958,1800000,100000,6,665,10958,558858,536163,62950,16086,46864,300,46346,488319.03923415317,0.014422536752136759,0.0005595313365525036,0.4743034055727554,0.2555361397934869,0.0,2450,2450,0,16.478195488721806,0.11740832545326702,24.189473684210526
52,1785624786.248095,10723,1800000,100000,6,665,10723,546873,524328,62929,16169,46760,183,46249,479350.84169018955,0.01440026256410257,0.00034901817183137274,0.47675070028011207,0.2569403613596275,0.0,2450,2450,0,16.124812030075187,0.1200183854381227,24.314285714285713
77,1785624910.6313899,20591,1800000,100000,6,954,20591,1564916,1522298,101439,25897,75542,186,74681,603703.4609576077,0.010341587301587305,0.0001221836985925226,0.35718029350104824,0.25529628643815494,0.0,5550,5550,0,21.58385744234801,0.06663544194369302,27.145702306079663
77,1785625035.310973,20517,1800000,100000,6,955,20517,1559292,1515544,101219,26046,75173,361,74354,597837.0152444305,0.010356629610389613,0.0002381982971131158,0.3588591898594654,0.2573232298283919,0.00036036036036036037,5550,5548,2,21.483769633507855,0.06678723943349715,27.27329842931937
77,1785625163.376826,20532,1800000,100000,6,945,20532,1560432,1517203,101876,26417,75459,499,74717,594803.3550207474,0.01043936230880231,0.00032889468317687216,0.3678223336118073,0.2593054301307472,0.00036036036036036037,5550,5548,2,21.726984126984128,0.06714724397460327,27.954497354497356
77,1785625289.9402812,20688,1800000,100000,6,947,20688,1572288,1528045,102046,26194,75852,363,75172,594542.5502570288,0.010446883463203467,0.00023755844886767078,0.36394709053520813,0.25668816024145974,0.0,5550,5550,0,21.845828933474127,0.06678206466432599,27.65997888067582
77,1785625416.993021,20676,1800000,100000,6,955,20676,1571376,1528227,101272,26270,75002,205,74210,598443.65793269,0.01033406614718615,0.00013414237544553265,0.3619454395150179,0.259400426573979,0.0,5550,5550,0,21.650261780104714,0.06626764217619503,27.50785340314136
77,1785625540.2612412,20702,1800000,100000,6,955,20702,1573352,1529131,102092,26417,75675,131,75118,597689.9659020457,0.010424320000000004,8.566957311047909e-05,0.3639707908514742,0.2587568075853152,0.0,5550,5550,0,21.677486910994766,0.06676471799996207,27.66178010471204
77,1785625669.367028,20239,1800000,100000,6,954,20239,1538164,1496162,101320,25678,75642,192,74551,598573.0658453879,0.010341587301587305,0.00012832834947017769,0.35415977049542097,0.25343466245558627,0.0,5550,5550,0,21.21488469601677,0.06771993941832502,26.91614255765199
77,1785625797.655195,20447,1800000,100000,6,955,20447,1553972,1509026,101328,26267,75061,263,74181,596659.1013695598,0.010371671919191921,0.00017428460477155464,0.3619041058142739,0.25922745933996527,0.0,5550,5550,0,21.410471204188482,0.06714794841175699,27.504712041884815
77,1785625922.323831,20756,1800000,100000,6,953,20756,1577456,1534422,102299,26488,75811,119,75247,594913.7139486651,0.010431841154401156,7.755363257304705e-05,0.3657149168829734,0.25892726224107765,0.0,5550,5550,0,21.779643231899264,0.06666940385369866,27.794333683105982
77,1785626049.093533,20570,1800000,100000,6,954,20570,1563320,1520393,101676,26047,75629,306,74623,605675.4090207858,0.010379193073593078,0.0002012637522009112,0.3592491448747655,0.2561764821590149,0.0,5550,5550,0,21.561844863731658,0.06687481460385572,27.30293501048218
77,1785626175.4843678,20840,1800000,100000,6,950,20840,1583840,1539860,101972,26417,75555,406,74864,597867.3548204617,0.01043936230880231,0.0002636603327575234,0.3658864265927978,0.2590613109481034,0.0,5550,5550,0,21.936842105263157,0.06622160456145364,27.807368421052633
77,1785626301.0552409,20387,1800000,100000,6,955,20387,1549412,1506461,100977,25826,75151,203,74188,601271.5962572263,0.010311502683982688,0.00013475290764248127,0.35582805180490495,0.25576121294948356,0.0,5550,5550,0,21.34764397905759,0.06702928253701888,27.042931937172774
77,1785626426.492948,20402,1800000,100000,6,946,20402,1550552,1504070,101675,26041,75634,588,74747,597944.319082932,0.01045440461760462,0.00039093925149760316,0.3622037387337265,0.2561199901647406,0.0007207207207207207,5550,5546,4,21.56659619450317,0.06759991223812721,27.527484143763214
77,1785626552.208677,20618,1800000,100000,6,945,20618,1566968,1521614,101838,26042,75796,479,74882,596731.5136765923,0.01045440461760462,0.0003147973139048405,0.36260094681147315,0.25571986881124925,0.0007207207207207207,5550,5546,4,21.817989417989416,0.06692761764810261,27.557671957671957
77,1785626677.6526358,20728,1800000,100000,6,955,20728,1575328,1529525,101390,26267,75123,357,74298,599346.437140557,0.010386714227994231,0.00023340579591703308,0.3619041058142739,0.2590689417102278,0.0007207207207207207,5550,5546,4,21.704712041884818,0.06628855363593272,27.504712041884815
77,1785626807.027374,20296,1800000,100000,6,947,20296,1542496,1498271,101506,26191,75315,445,74389,597070.6645092345,0.010409277691197694,0.00029700901906263953,0.36390540765853385,0.25802415620751484,0.0,5550,5550,0,21.431890179514255,0.06774875840218492,27.656810982048576
77,1785626931.358882,20386,1800000,100000,6,955,20386,1549336,1507471,101066,25973,75093,0,74502,599608.6249978298,0.010288939220779223,0.0,0.35785340314136127,0.2569904814675559,0.0,5550,5550,0,21.346596858638744,0.06704341244375514,27.196858638743457
77,1785627055.842368,20633,1800000,100000,6,955,20633,1568108,1524891,101529,26122,75407,90,74612,599692.5685106678,0.010356629610389613,5.902061196505193e-05,0.3599063102783136,0.25728609559830196,0.0,5550,5550,0,21.60523560209424,0.06658115235777508,27.352879581151832
77,1785627183.665836,20609,1800000,100000,6,947,20609,1566284,1520227,102163,26341,75822,368,75057,596059.8124747962,0.01046944692640693,0.00024206911204708244,0.365989551492247,0.2578330706811664,0.0,5550,5550,0,21.762407602956706,0.06720246384257088,27.81520591341077
77,1785627307.493463,20540,1800000,100000,6,956,20540,1561040,1518801,100987,26048,74939,128,73961,597282.4056174904,0.010296460375180378,8.427700534829777e-05,0.358511341114292,0.2579341895491499,0.0,5550,5550,0,21.485355648535563,0.06649126514928552,27.246861924686193
102,1785627581.540808,30985,1800000,100000,6,1242,30985,3129485,3059775,140125,36425,103700,1004,102340,672569.0147054112,0.008130515381263618,0.00032812870227386,0.290373240222573,0.25994647636039253,0.00040404040404040404,9900,9896,4,24.94766505636071,0.04579585100211617,29.32769726247987
102,1785627848.4864051,32073,1800000,100000,6,1248,32073,3239373,3170723,141271,37018,104253,525,103087,681114.9126787364,0.00815322631808279,0.0001655773777778759,0.29368177202335616,0.26203537881093786,0.0,9900,9900,0,25.69951923076923,0.04455482235439678,29.661858974358974
102,1785628115.4708679,31232,1800000,100000,6,1249,31232,3154432,3087664,139500,36625,102875,533,101552,678893.4720016852,0.008051027102396515,0.00017262240969224632,0.29033127492092686,0.2625448028673835,0.0,9900,9900,0,25.00560448358687,0.045179786401629195,29.323458767013612
102,1785628390.450925,31008,1800000,100000,6,1238,31008,3131808,3055941,139892,36711,103181,1280,101950,672609.7446243316,0.00815322631808279,0.0004188562540965287,0.2935987459812217,0.26242386984244986,0.0006060606060606061,9900,9894,6,25.046849757673666,0.04577706179536843,29.653473344103393
102,1785628660.5349498,31523,1800000,100000,6,1242,31523,3183823,3112840,141755,36716,105039,1019,104020,674137.8283706484,0.0082270368627451,0.00032735379910306986,0.292693037419684,0.25901026418821205,0.0006060606060606061,9900,9894,6,25.38083735909823,0.045538800580820084,29.561996779388085
102,1785628931.824856,31773,1800000,100000,6,1243,31773,3209073,3137944,140819,37111,103708,656,102356,673187.2177891853,0.008147548583877997,0.0002090540812710488,0.29560389667285314,0.26353688067661324,0.00040404040404040404,9900,9896,4,25.561544650040226,0.04487619919284729,29.855993563958165
102,1785629199.989225,30839,1800000,100000,6,1259,30839,3114739,3050950,139923,36033,103890,0,102520,679059.659301951,0.008039671633986929,0.0,0.2833696395850864,0.2575202075427199,0.0,9900,9900,0,24.494837172359016,0.04586210852357463,28.620333598093726
102,1785629473.241676,31518,1800000,100000,6,1244,31518,3183318,3110811,140926,36818,104108,377,102760,672475.0781124372,0.008147548583877997,0.00012119026196062699,0.2930342873515647,0.26125768133630417,0.00040404040404040404,9900,9896,4,25.336012861736336,0.04530201288345708,29.59646302250804
102,1785629740.9440188,30910,1800000,100000,6,1252,30910,3121910,3053748,140630,36430,104200,0,103008,677514.0534554536,0.008090771241830066,0.0,0.28809350583620663,0.2590485671620565,0.00020202020202020202,9900,9898,2,24.68849840255591,0.04605160609192376,29.097444089456868
102,1785630014.2135549,30812,1800000,100000,6,1233,30812,3112012,3040102,140673,36614,104059,624,103151,668334.0465156455,0.00815322631808279,0.00020525627100669648,0.2940104229401042,0.2602773808762165,0.0008080808080808081,9900,9892,8,24.989456609894567,0.04627246059507214,29.695052716950528
102,1785630282.302714,31108,1800000,100000,6,1248,31108,3141908,3073748,140852,36630,104222,259,103010,676315.7763939482,0.008119159912854033,8.426194990610812e-05,0.2906035795887281,0.26006020503791216,0.0,9900,9900,0,24.92628205128205,0.045824185977510194,29.35096153846154
102,1785630548.087501,31167,1800000,100000,6,1260,31167,3147867,3081241,140380,36531,103849,239,102812,677615.5426963664,0.008085093507625273,7.756614948327638e-05,0.2870579915134371,0.2602293774041886,0.0,9900,9900,0,24.735714285714284,0.04555956512327338,28.992857142857144
102,1785630815.044794,30955,1800000,100000,6,1248,30955,3126455,3058024,140589,36522,104067,375,102821,676332.7659591623,0.008107804444444446,0.00012262820697286875,0.28974676313785225,0.259778503296844,0.00020202020202020202,9900,9898,2,24.803685897435898,0.04597380530695639,29.264423076923077
102,1785631088.7868822,30889,1800000,100000,6,1252,30889,3119789,3052583,140635,36528,104107,230,102674,676408.0928551453,0.008102126710239653,7.53460266272858e-05,0.2888685034637649,0.25973619653713514,0.0,9900,9900,0,24.671725239616613,0.046070819368384086,29.175718849840255
102,1785631362.465852,30997,1800000,100000,6,1247,30997,3130697,3065856,141076,36432,104644,244,103550,676498.1304574646,0.008119159912854033,7.958625584502338e-05,0.28926453190627804,0.25824378349258553,0.0,9900,9900,0,24.857257417802728,0.04601520749832999,29.21571772253408
102,1785631630.903166,31313,1800000,100000,6,1257,31313,3162613,3096874,140104,36431,103673,376,102333,682198.5065620935,0.008073738039215688,0.00012141275363479431,0.28695542585284783,0.26002826471763835,0.0,9900,9900,0,24.910898965791567,0.04524045860438623,28.98249801113763
102,1785631901.2470012,31575,1800000,100000,6,1250,31575,3189075,3118360,140720,36913,103807,881,102464,679428.7990009557,0.00815322631808279,0.0002825202991315948,0.292380198019802,0.2623152359295054,0.00020202020202020202,9900,9898,2,25.26,0.04512628432894213,29.5304
102,1785632160.449512,31391,1800000,100000,6,1259,31391,3170491,3104809,139798,36233,103565,392,102427,679836.0687206319,0.008051027102396515,0.0001262557535745355,0.284942473596049,0.25918110416458034,0.0,9900,9900,0,24.933280381254963,0.04502628019952274,28.779189833200952
102,1785632423.919295,30939,1800000,100000,6,1246,30939,3124839,3055997,140103,36522,103581,1004,102819,672705.0011755422,0.008124837647058826,0.00032853435392770345,0.2902118462247509,0.26067964283420053,0.0006060606060606061,9900,9894,6,24.830658105939005,0.04584526751826,29.31139646869984
102,1785632695.85683,31326,1800000,100000,6,1242,31326,3163926,3093382,140839,37117,103722,912,102795,668540.4628101324,0.008164581786492377,0.00029482294782862253,0.2958897339009263,0.26354205866272834,0.0006060606060606061,9900,9894,6,25.22222222222222,0.045529132839073866,29.884863123993558
