1,1781872582.6043856,-140,-14.75
2,1781872584.6469653,-139,-15.0
3,1781872592.767013,-141,-16.5
4,1781872597.2171464,-141,-17.25
6,1781872608.0392327,-144,-19.0
7,1781872613.2908366,-135,-11.25
8,1781872617.4410415,-139,-14.5
9,1781872622.8554382,-142,-17.0
10,1781872631.1038752,-136,-13.25
11,1781872632.12763,-137,-12.0
12,1781872637.9283614,-128,-5.25
13,1781872641.1180427,-139,-14.75
14,1781872647.641063,-137,-13.25
15,1781872651.1140747,-138,-13.25
16,1781872656.2610703,-140,-15.75
17,1781872663.4751828,-138,-15.0
18,1781872669.3386393,-140,-15.5
19,1781872674.0915215,-141,-17.25
20,1781872679.653697,-142,-16.75
21,1781872683.2640607,-142,-18.0
22,1781872690.6022024,-138,-16.25
24,1781872700.3698194,-137,-14.25
26,1781872707.2270474,-137,-13.0
27,1781872714.257955,-142,-16.5
28,1781872720.9130096,-138,-14.0
29,1781872725.3081064,-139,-14.5
30,1781872729.3272293,-138,-13.75
31,1781872735.1290874,-141,-17.25
32,1781872740.743637,-140,-17.25
33,1781872746.4795256,-134,-10.5
35,1781872757.6905138,-137,-12.75
36,1781872762.2444189,-140,-16.25
38,1781872770.6208913,-138,-14.25
39,1781872776.2924786,-140,-16.0
40,1781872780.718907,-143,-17.5
42,1781872793.4843876,-138,-14.25
43,1781872794.3261878,-134,-10.0
44,1781872804.1428678,-138,-12.5
45,1781872808.1902122,-137,-12.75
47,1781872814.5952094,-140,-14.75
48,1781872821.228758,-135,-12.0
49,1781872827.7757063,-140,-14.75
51,1781872838.0699186,-139,-15.0
52,1781872842.7579331,-137,-13.25
53,1781872847.8880022,-139,-13.5
55,1781872856.8917985,-139,-14.5
56,1781872862.527665,-139,-14.5
57,1781872867.8395364,-138,-14.25
58,1781872875.3911042,-135,-10.5
59,1781872878.421883,-135,-11.0
60,1781872883.4147232,-144,-18.5
62,1781872893.8713357,-136,-12.25
63,1781872901.9693043,-140,-14.5
65,1781872906.572838,-138,-13.75
66,1781872914.3715558,-138,-15.0
67,1781872918.2267017,-138,-13.5
68,1781872924.7150383,-137,-13.0
69,1781872926.946578,-138,-14.5
72,1781872942.5877697,-138,-14.25
73,1781872947.8019812,-139,-14.5
74,1781872957.2515173,-136,-12.0
75,1781872959.809745,-136,-12.0
76,1781872965.2032924,-139,-15.0
77,1781872969.3232315,-136,-11.0
78,1781872978.2123768,-138,-14.25
79,1781872981.3973832,-135,-10.75
80,1781872985.6978097,-137,-12.75
81,1781872988.4665647,-134,-10.25
82,1781872993.5124109,-138,-15.0
83,1781873002.3847334,-137,-12.75
84,1781873007.1680377,-139,-14.75
85,1781873010.2545419,-139,-13.5
86,1781873015.4704006,-133,-9.75
87,1781873022.5165436,-135,-10.5
88,1781873027.7793612,-140,-16.25
90,1781873034.2634046,-134,-10.0
91,1781873040.8030806,-137,-13.25
92,1781873047.5957127,-142,-16.5
93,1781873051.4470344,-141,-16.5
94,1781873058.0649023,-140,-15.75
96,1781873067.3197913,-140,-15.75
101,1781873093.5053725,-138,-13.25
102,1781873098.6318195,-141,-16.25
103,1781873103.3447025,-141,-16.25
104,1781873107.809684,-138,-13.5
106,1781873118.4736433,-141,-17.25
109,1781873133.4626987,-143,-18.0
110,1781873138.3475626,-140,-15.75
111,1781873141.7250257,-141,-16.75
112,1781873149.8281598,-140,-14.75
113,1781873154.8728132,-138,-13.0
114,1781873159.9736989,-133,-7.75
116,1781873169.4012434,-136,-11.25
117,1781873175.853926,-136,-11.25
120,1781873191.6866822,-136,-11.5
122,1781873200.424782,-137,-13.0
123,1781873204.682094,-137,-12.25
124,1781873210.9853053,-137,-12.25
125,1781873216.4451518,-136,-11.75
126,1781873219.9781184,-138,-14.0
127,1781873226.3242884,-136,-12.0
128,1781873232.0744088,-137,-12.5
129,1781873235.8021245,-135,-11.0
131,1781873247.2912862,-137,-13.25
132,1781873249.3313198,-139,-14.25
134,1781873260.9468641,-138,-13.25
136,1781873271.297466,-137,-12.75
137,1781873276.6925507,-138,-12.75
139,1781873287.139153,-135,-10.75
140,1781873293.2181256,-136,-12.0
141,1781873299.2725875,-133,-9.25
142,1781873302.3655746,-135,-10.75
143,1781873308.563974,-137,-13.25
144,1781873312.3343735,-136,-12.25
145,1781873317.3341138,-138,-13.25
146,1781873322.4485755,-135,-11.25
147,1781873327.1047664,-138,-14.0
148,1781873331.1121778,-137,-12.25
150,1781873343.7307913,-142,-17.0
151,1781873347.8828924,-136,-11.5
152,1781873352.9133945,-141,-15.75
153,1781873356.83632,-137,-12.75
155,1781873369.8374674,-136,-12.0
156,1781873372.0173807,-141,-16.0
159,1781873388.88129,-134,-10.5
160,1781873394.8822675,-136,-11.75
161,1781873401.5841205,-137,-13.0
162,1781873405.5495071,-132,-7.5
163,1781873412.054894,-137,-13.25
164,1781873415.9409611,-137,-12.75
166,1781873425.590261,-138,-13.75
168,1781873437.0883765,-136,-11.0
169,1781873440.8950148,-135,-11.25
170,1781873445.181208,-135,-11.75
171,1781873451.2650821,-138,-13.25
172,1781873457.001209,-135,-11.0
173,1781873461.0041852,-139,-13.75
174,1781873465.236518,-136,-10.75
175,1781873470.6886866,-137,-11.75
176,1781873476.622593,-142,-16.5
179,1781873491.4384673,-137,-12.5
180,1781873496.297129,-135,-11.0
181,1781873503.5345938,-140,-14.5
183,1781873512.116065,-137,-13.0
184,1781873518.3138578,-135,-10.5
185,1781873521.8830957,-135,-12.0
186,1781873529.6761856,-138,-12.5
188,1781873537.8695498,-138,-13.25
189,1781873542.8987536,-135,-10.75
190,1781873548.0236351,-134,-10.0
191,1781873552.3961575,-137,-11.75
192,1781873560.2816567,-130,-6.25
193,1781873563.594639,-136,-11.0
194,1781873569.0287416,-134,-8.5
195,1781873573.889043,-136,-11.5
198,1781873588.9657614,-133,-9.0
199,1781873594.5688329,-133,-8.25
200,1781873599.1648643,-135,-10.5
201,1781873603.5367181,-136,-12.25
202,1781873607.5169988,-138,-13.0
203,1781873616.8480427,-138,-12.5
205,1781873624.243737,-139,-13.75
208,1781873639.896225,-137,-12.0
209,1781873644.6832848,-138,-12.5
210,1781873650.8103242,-138,-13.0
211,1781873654.6133926,-138,-13.0
212,1781873660.2596865,-137,-12.25
214,1781873670.8795648,-138,-13.0
215,1781873676.579101,-138,-14.25
217,1781873685.169933,-137,-11.5
218,1781873688.8630857,-139,-14.5
219,1781873698.723706,-140,-15.75
220,1781873703.5579429,-138,-15.5
221,1781873707.7700841,-137,-13.25
222,1781873713.9346962,-136,-14.25
223,1781873717.6605065,-137,-13.5
224,1781873722.351881,-136,-13.25
225,1781873726.265059,-136,-13.5
226,1781873734.1582067,-141,-17.75
227,1781873738.5346642,-136,-11.75
228,1781873740.7614572,-136,-13.0
230,1781873753.294184,-137,-14.25
232,1781873762.1727283,-134,-9.75
233,1781873770.205475,-134,-9.75
234,1781873773.2972872,-136,-12.0
235,1781873778.5049365,-138,-14.25
236,1781873783.332335,-136,-12.0
237,1781873790.0827982,-137,-12.25
238,1781873793.1829596,-137,-13.25
239,1781873799.1398005,-138,-13.75
240,1781873804.0554578,-138,-13.25
241,1781873808.8317165,-138,-13.5
242,1781873813.6315365,-138,-13.0
244,1781873826.957404,-137,-11.75
248,1781873845.2618828,-137,-12.25
249,1781873850.0348003,-135,-11.25
250,1781873854.5264432,-139,-13.5
251,1781873862.6867006,-136,-12.25
252,1781873865.4033136,-137,-11.75
254,1781873876.5243094,-136,-12.25
255,1781873879.5358407,-136,-12.0
259,1781873902.075723,-136,-12.25
260,1781873906.2529643,-137,-11.75
262,1781873918.5307689,-136,-11.75
264,1781873928.7651155,-137,-12.75
266,1781873936.3533282,-138,-12.5
268,1781873947.4156756,-135,-11.25
269,1781873958.0286715,-137,-12.5
270,1781873959.204838,-137,-13.0
271,1781873961.619342,-136,-11.5
272,1781873967.8497183,-136,-12.25
273,1781873972.4500675,-138,-13.0
274,1781873977.5038111,-137,-13.0
275,1781873984.3214602,-135,-10.0
277,1781873995.8534317,-137,-12.75
280,1781874008.1413054,-138,-13.75
282,1781874019.0981905,-135,-11.25
283,1781874024.4868536,-136,-11.5
285,1781874036.0030205,-136,-11.5
286,1781874038.928301,-137,-12.75
288,1781874051.4374175,-137,-11.5
291,1781874064.7710822,-136,-11.25
292,1781874068.87697,-139,-13.5
295,1781874084.9677076,-138,-13.75
297,1781874097.1959145,-139,-14.25
298,1781874102.1487687,-137,-13.5
300,1781874113.4432843,-136,-11.75
301,1781874121.3493524,-137,-13.5
302,1781874122.4573371,-138,-12.5
303,1781874126.4809089,-137,-13.75
304,1781874133.4623532,-137,-15.0
305,1781874138.761069,-139,-14.5
308,1781874153.3127203,-135,-10.0
311,1781874166.8340456,-135,-11.0
312,1781874169.7735922,-133,-9.25
313,1781874179.5272055,-137,-13.75
315,1781874188.2629023,-138,-14.0
316,1781874192.258315,-139,-13.5
317,1781874197.142853,-137,-12.0
318,1781874205.2088263,-138,-13.5
319,1781874208.0647178,-137,-12.75
322,1781874223.8250666,-135,-11.0
323,1781874227.5961277,-135,-11.25
325,1781874238.1533,-139,-14.75
326,1781874244.8915408,-138,-12.75
328,1781874253.5120413,-137,-12.0
330,1781874264.847505,-139,-14.0
331,1781874274.2560356,-137,-12.0
333,1781874277.099433,-141,-16.25
332,1781874281.5660758,-137,-12.25
338,1781874305.2169802,-134,-10.5
339,1781874309.417718,-138,-13.25
340,1781874315.0873961,-137,-12.75
341,1781874319.304501,-137,-11.75
342,1781874325.0301201,-136,-12.25
343,1781874330.3675165,-136,-10.75
344,1781874335.6080022,-137,-12.0
347,1781874353.2051706,-135,-11.25
348,1781874358.946733,-136,-11.75
349,1781874362.2846928,-137,-13.25
350,1781874367.238604,-137,-12.75
352,1781874374.555669,-134,-10.0
353,1781874379.4581027,-139,-13.75
354,1781874384.6242685,-143,-17.5
355,1781874392.8469274,-136,-11.0
357,1781874401.2800598,-139,-13.5
358,1781874408.3202138,-137,-12.5
360,1781874416.7599647,-135,-11.25
361,1781874422.690343,-139,-13.75
362,1781874427.2316349,-136,-11.5
363,1781874432.2986057,-134,-10.0
365,1781874443.2564163,-137,-12.0
366,1781874448.5572658,-137,-12.0
367,1781874452.4720352,-136,-11.0
368,1781874459.2250528,-136,-11.25
373,1781874484.2843602,-137,-11.5
374,1781874488.1826465,-136,-11.5
375,1781874492.1071594,-134,-10.25
376,1781874499.3239949,-136,-11.0
377,1781874505.1819327,-134,-11.0
378,1781874510.6594408,-136,-11.75
379,1781874512.4169405,-141,-16.0
381,1781874525.6298978,-136,-10.75
383,1781874534.57079,-136,-11.5
384,1781874539.605765,-136,-12.25
386,1781874550.3388124,-135,-10.5
389,1781874563.7660291,-136,-11.0
390,1781874568.7230608,-142,-15.75
391,1781874575.7236078,-136,-11.0
392,1781874580.8160264,-135,-9.75
393,1781874586.448186,-134,-10.25
396,1781874602.347517,-136,-11.75
397,1781874607.2264154,-136,-12.25
398,1781874611.595972,-138,-12.75
399,1781874617.7690876,-137,-12.0
400,1781874619.8985596,-139,-14.25
401,1781874627.7582793,-135,-11.25
402,1781874632.6741486,-138,-13.5
404,1781874640.3144557,-139,-16.0
405,1781874645.6300547,-141,-17.0
406,1781874652.5774748,-136,-11.75
407,1781874659.391031,-139,-13.75
408,1781874663.905371,-138,-12.5
409,1781874667.0402188,-138,-12.75
410,1781874673.9866664,-138,-13.25
411,1781874678.2193131,-138,-13.0
412,1781874684.145191,-137,-12.5
413,1781874689.1326098,-136,-12.25
414,1781874693.3551931,-136,-12.25
415,1781874698.4030168,-138,-12.5
416,1781874703.3027222,-137,-12.25
417,1781874708.997849,-139,-13.5
418,1781874713.774785,-133,-8.25
419,1781874720.3479044,-137,-11.5
421,1781874729.2438989,-137,-12.25
422,1781874733.820297,-138,-14.5
423,1781874739.3937492,-136,-12.0
424,1781874744.0512671,-134,-9.75
425,1781874749.0864093,-136,-11.5
426,1781874757.070782,-136,-11.0
427,1781874759.6759691,-135,-10.75
428,1781874766.2074566,-136,-13.0
429,1781874770.8823566,-136,-11.5
430,1781874776.373546,-137,-13.25
431,1781874781.054084,-137,-13.0
432,1781874786.2656004,-143,-18.25
433,1781874790.2925076,-136,-11.25
434,1781874793.7949562,-135,-11.25
435,1781874802.0887737,-136,-10.75
436,1781874806.6629999,-137,-13.0
437,1781874811.418891,-138,-13.5
438,1781874815.4641972,-137,-13.25
439,1781874823.5222945,-135,-9.75
440,1781874827.381815,-136,-10.75
441,1781874829.4939845,-139,-13.75
443,1781874841.2304902,-136,-11.75
444,1781874844.8060062,-135,-11.0
445,1781874852.8336728,-136,-11.25
446,1781874857.3447816,-137,-12.0
447,1781874863.3181732,-136,-12.25
448,1781874868.6837575,-137,-12.0
450,1781874877.9411268,-136,-11.0
451,1781874880.8390844,-139,-14.0
452,1781874887.448514,-137,-12.5
453,1781874893.8030615,-137,-11.75
455,1781874903.9081192,-138,-13.0
456,1781874908.3996723,-138,-12.5
458,1781874918.3183773,-138,-12.5
459,1781874924.583569,-136,-12.25
460,1781874929.3170319,-134,-10.25
461,1781874933.506179,-132,-7.75
462,1781874939.903716,-138,-13.75
466,1781874959.7236114,-135,-10.25
467,1781874964.854674,-137,-12.5
468,1781874969.901211,-135,-11.25
469,1781874974.8365922,-136,-10.5
470,1781874980.8310738,-134,-9.75
471,1781874984.5671427,-137,-12.0
473,1781874995.6137347,-136,-12.5
474,1781875002.4440174,-135,-10.0
475,1781875005.3481266,-135,-10.5
476,1781875013.50684,-139,-12.75
477,1781875016.537723,-134,-10.0
478,1781875018.8303316,-139,-13.5
480,1781875030.9249866,-136,-10.75
482,1781875042.1298623,-136,-12.0
483,1781875046.5004811,-137,-11.75
485,1781875054.512148,-136,-12.0
486,1781875063.1368847,-135,-10.25
488,1781875074.7485256,-136,-11.0
489,1781875079.5078664,-135,-11.25
491,1781875088.2398906,-138,-12.75
492,1781875093.0867338,-138,-12.75
493,1781875099.7695353,-137,-13.0
494,1781875100.6374364,-131,-6.25
495,1781875107.8502748,-136,-11.0
496,1781875112.584455,-136,-11.5
497,1781875119.3600194,-139,-13.5
498,1781875122.8439562,-136,-12.0
499,1781875127.6641436,-137,-12.0
501,1781875140.7645745,-139,-14.25
502,1781875145.9777827,-137,-12.0
503,1781875150.429492,-139,-14.0
504,1781875152.0107744,-137,-12.75
507,1781875169.2638652,-139,-15.0
508,1781875174.4338596,-139,-13.75
512,1781875196.8537047,-136,-10.5
513,1781875201.531987,-136,-10.75
515,1781875212.9404597,-136,-10.75
516,1781875215.37914,-137,-12.75
518,1781875225.3663285,-137,-12.5
519,1781875231.0888946,-135,-11.0
520,1781875238.2703063,-138,-13.0
521,1781875243.644522,-137,-12.5
522,1781875247.5865226,-136,-11.25
526,1781875269.139392,-137,-12.25
527,1781875272.9953644,-139,-12.5
528,1781875278.1911154,-138,-12.5
530,1781875288.6671562,-138,-12.5
531,1781875292.276091,-137,-12.75
536,1781875317.0219169,-137,-12.5
537,1781875322.522224,-140,-15.0
538,1781875328.2452955,-137,-12.0
539,1781875332.1891022,-134,-9.0
540,1781875337.8961527,-137,-12.25
542,1781875348.3879216,-138,-12.5
543,1781875354.5158439,-134,-9.75
545,1781875364.3570056,-137,-13.0
546,1781875371.1176631,-144,-18.5
547,1781875376.0110874,-136,-11.25
548,1781875379.9876084,-138,-13.5
549,1781875383.4711583,-138,-13.0
550,1781875389.4807756,-137,-11.75
551,1781875395.3811202,-137,-12.75
552,1781875401.052216,-139,-13.75
554,1781875409.1360638,-136,-11.0
555,1781875418.3169394,-138,-12.5
556,1781875421.2712958,-142,-16.5
557,1781875427.7067356,-137,-11.5
558,1781875433.0738142,-138,-12.75
560,1781875450.644064,-137,-11.75
561,1781875456.00144,-138,-13.0
562,1781875461.3956056,-137,-12.25
563,1781875467.1860201,-138,-12.5
564,1781875477.5560117,-135,-11.0
565,1781875482.0648391,-135,-11.0
566,1781875485.9355369,-136,-12.0
567,1781875491.9103396,-137,-12.5
568,1781875497.0543015,-138,-12.5
569,1781875502.5639656,-137,-11.75
570,1781875508.5052886,-138,-13.25
572,1781875517.0534666,-137,-13.0
573,1781875522.2151637,-138,-13.0
576,1781875538.251259,-137,-13.0
577,1781875564.6963074,-136,-12.0
579,1781875588.226021,-137,-11.75
580,1781875592.094143,-135,-10.25
581,1781875598.394856,-138,-12.5
582,1781875603.6232293,-137,-13.0
585,1781875630.7003865,-138,-12.5
586,1781875636.7936502,-140,-13.75
587,1781875641.0320675,-137,-12.25
590,1781875666.686371,-139,-13.5
591,1781875674.584358,-137,-12.0
