!,e,a,2,4,6,8,b,0,",", ,!,6,c,7,3,d,a,a,0,",", ,1,1,.,2,5,d,B
!,6,c,7,3,d,a,a,0,",", ,!,e,a,2,4,6,8,b,0,",", ,1,1,.,2,5,d,B
!,e,a,2,4,6,8,b,0,",", ,!,d,a,d,f,b,0,c,c,",", ,-,1,5,.,5,d,B
!,d,a,d,f,b,0,c,c,",", ,!,e,a,2,4,6,8,b,0,",", ,-,1,3,.,0,d,B
!,e,a,2,4,6,8,b,0,",", ,!,d,a,d,f,b,0,c,c,",", ,-,1,6,.,2,5,d,B
!dadfb0cc,!dadfb008,-16.25dB
!,d,a,d,f,b,0,0,8,",", ,!,d,a,d,f,b,0,c,c,",", ,-,2,0,.,2,5,d,B
!dadfb0cc,!ea2468b0,-11.25dB
!,e,a,2,4,6,8,b,0,",", ,!,d,a,d,f,b,0,c,c,",", ,-,1,4,.,0,d,B
!,d,a,d,f,b,0,c,c,",", ,!,6,c,7,3,d,a,a,0,",", ,7,.,7,5,d,B
!6c73daa0,!ea2468b0,13.75dB
!,e,a,2,4,6,8,b,0,",", ,!,d,a,d,f,b,0,c,c,",", ,-,1,4,.,5,d,B
!dadfb0cc,!dadfb008,-14.75dB
!,d,a,d,f,b,0,0,8,",", ,!,d,a,d,f,b,0,c,c,",", ,-,1,9,.,0,d,B
!dadfb0cc,!6c73daa0,6.75dB
!6c73daa0,!ea2468b0,11.25dB
!,e,a,2,4,6,8,b,0,",", ,!,d,a,d,f,b,0,c,c,",", ,-,1,3,.,7,5,d,B
!,d,a,d,f,b,0,c,c,",", ,!,e,a,2,4,6,8,b,0,",", ,-,8,.,5,d,B
!,e,a,2,4,6,8,b,0,",", ,!,d,a,d,f,b,0,c,c,",", ,-,1,3,.,7,5,d,B
!,d,a,d,f,b,0,c,c,",", ,!,e,a,2,4,6,8,b,0,",", ,-,7,.,5,d,B
!,e,a,2,4,6,8,b,0,",", ,!,d,a,d,f,b,0,c,c,",", ,-,1,4,.,0,d,B
!,d,a,d,f,b,0,c,c,",", ,!,e,a,2,4,6,8,b,0,",", ,-,9,.,7,5,d,B
!,e,a,2,4,6,8,b,0,",", ,!,d,a,d,f,b,0,c,c,",", ,-,1,6,.,0,d,B
!,d,a,d,f,b,0,c,c,",", ,!,e,a,2,4,6,8,b,0,",", ,-,1,2,.,7,5,d,B
!,e,a,2,4,6,8,b,0,",", ,!,d,a,d,f,b,0,c,c,",", ,-,1,5,.,2,5,d,B
!,d,a,d,f,b,0,c,c,",", ,!,e,a,2,4,6,8,b,0,",", ,-,1,0,.,5,d,B
!,e,a,2,4,6,8,b,0,",", ,!,d,a,d,f,b,0,c,c,",", ,-,1,2,.,7,5,d,B
!,d,a,d,f,b,0,c,c,",", ,!,e,a,2,4,6,8,b,0,",", ,-,7,.,7,5,d,B
!,e,a,2,4,6,8,b,0,",", ,!,d,a,d,f,b,0,c,c,",", ,-,1,4,.,7,5,d,B
!,d,a,d,f,b,0,c,c,",", ,!,e,a,2,4,6,8,b,0,",", ,-,9,.,5,d,B
!,e,a,2,4,6,8,b,0,",", ,!,d,a,d,f,b,0,c,c,",", ,-,1,3,.,5,d,B
!,d,a,d,f,b,0,c,c,",", ,!,e,a,2,4,6,8,b,0,",", ,-,9,.,7,5,d,B
!,e,a,2,4,6,8,b,0,",", ,!,d,a,d,f,b,0,c,c,",", ,-,1,3,.,0,d,B
!,d,a,d,f,b,0,c,c,",", ,!,e,a,2,4,6,8,b,0,",", ,-,9,.,0,d,B
!,e,a,2,4,6,8,b,0,",", ,!,d,a,d,f,b,0,c,c,",", ,-,1,1,.,2,5,d,B
!,d,a,d,f,b,0,c,c,",", ,!,e,a,2,4,6,8,b,0,",", ,-,7,.,5,d,B
!,e,a,2,4,6,8,b,0,",", ,!,d,a,d,f,b,0,c,c,",", ,-,1,1,.,7,5,d,B
!,d,a,d,f,b,0,c,c,",", ,!,e,a,2,4,6,8,b,0,",", ,-,7,.,0,d,B
!,e,a,2,4,6,8,b,0,",", ,!,d,a,d,f,b,0,c,c,",", ,-,1,3,.,5,d,B
!,d,a,d,f,b,0,c,c,",", ,!,e,a,2,4,6,8,b,0,",", ,-,8,.,7,5,d,B
!,e,a,2,4,6,8,b,0,",", ,!,d,a,d,f,b,0,c,c,",", ,-,1,3,.,5,d,B
!,d,a,d,f,b,0,c,c,",", ,!,e,a,2,4,6,8,b,0,",", ,-,8,.,5,d,B
!,e,a,2,4,6,8,b,0,",", ,!,d,a,d,f,b,0,c,c,",", ,-,1,3,.,2,5,d,B
!,d,a,d,f,b,0,c,c,",", ,!,e,a,2,4,6,8,b,0,",", ,-,8,.,0,d,B
!,e,a,2,4,6,8,b,0,",", ,!,d,a,d,f,b,0,c,c,",", ,-,1,5,.,7,5,d,B
!,d,a,d,f,b,0,c,c,",", ,!,e,a,2,4,6,8,b,0,",", ,-,6,.,5,d,B
!,e,a,2,4,6,8,b,0,",", ,!,d,a,d,f,b,0,c,c,",", ,-,1,5,.,7,5,d,B
!,d,a,d,f,b,0,c,c,",", ,!,e,a,2,4,6,8,b,0,",", ,-,1,0,.,5,d,B
!,e,a,2,4,6,8,b,0,",", ,!,d,a,d,f,b,0,c,c,",", ,-,1,6,.,7,5,d,B
!dadfb0cc,!dadfb008,-14.0dB
!,d,a,d,f,b,0,0,8,",", ,!,d,a,d,f,b,0,c,c,",", ,-,2,0,.,0,d,B
!dadfb0cc,!ea2468b0,-9.25dB
!,e,a,2,4,6,8,b,0,",", ,!,d,a,d,f,b,0,c,c,",", ,-,1,7,.,2,5,d,B
!,d,a,d,f,b,0,c,c,",", ,!,e,a,2,4,6,8,b,0,",", ,-,9,.,0,d,B
!,e,a,2,4,6,8,b,0,",", ,!,d,a,d,f,b,0,c,c,",", ,-,1,9,.,2,5,d,B
!,d,a,d,f,b,0,c,c,",", ,!,e,a,2,4,6,8,b,0,",", ,-,1,0,.,2,5,d,B
!,e,a,2,4,6,8,b,0,",", ,!,d,a,d,f,b,0,c,c,",", ,-,1,8,.,2,5,d,B
!,d,a,d,f,b,0,c,c,",", ,!,e,a,2,4,6,8,b,0,",", ,-,9,.,2,5,d,B
!,e,a,2,4,6,8,b,0,",", ,!,d,a,d,f,b,0,c,c,",", ,-,1,8,.,0,d,B
!,d,a,d,f,b,0,c,c,",", ,!,e,a,2,4,6,8,b,0,",", ,-,8,.,5,d,B
!,e,a,2,4,6,8,b,0,",", ,!,d,a,d,f,b,0,c,c,",", ,-,1,9,.,2,5,d,B
!,d,a,d,f,b,0,c,c,",", ,!,e,a,2,4,6,8,b,0,",", ,-,1,0,.,0,d,B
!,e,a,2,4,6,8,b,0,",", ,!,d,a,d,f,b,0,c,c,",", ,-,1,7,.,0,d,B
!,d,a,d,f,b,0,c,c,",", ,!,e,a,2,4,6,8,b,0,",", ,-,8,.,5,d,B
!,e,a,2,4,6,8,b,0,",", ,!,d,a,d,f,b,0,c,c,",", ,-,1,9,.,7,5,d,B
!,d,a,d,f,b,0,c,c,",", ,!,e,a,2,4,6,8,b,0,",", ,-,1,1,.,5,d,B
!,e,a,2,4,6,8,b,0,",", ,!,d,a,d,f,b,0,c,c,",", ,-,1,6,.,0,d,B
!,d,a,d,f,b,0,c,c,",", ,!,e,a,2,4,6,8,b,0,",", ,-,8,.,5,d,B
!,e,a,2,4,6,8,b,0,",", ,!,d,a,d,f,b,0,c,c,",", ,-,1,7,.,2,5,d,B
!,d,a,d,f,b,0,c,c,",", ,!,e,a,2,4,6,8,b,0,",", ,-,8,.,2,5,d,B
!,e,a,2,4,6,8,b,0,",", ,!,d,a,d,f,b,0,c,c,",", ,-,1,5,.,7,5,d,B
!dadfb0cc,!dadfb008,-7.25dB
!,d,a,d,f,b,0,0,8,",", ,!,d,a,d,f,b,0,c,c,",", ,-,1,6,.,5,d,B
!dadfb0cc,!ea2468b0,-10.5dB
!,e,a,2,4,6,8,b,0,",", ,!,d,a,d,f,b,0,c,c,",", ,-,1,5,.,2,5,d,B
!,d,a,d,f,b,0,c,c,",", ,!,e,a,2,4,6,8,b,0,",", ,-,9,.,7,5,d,B
!,e,a,2,4,6,8,b,0,",", ,!,d,a,d,f,b,0,c,c,",", ,-,1,4,.,7,5,d,B
!dadfb0cc,!dadfb008,-14.25dB
!,d,a,d,f,b,0,0,8,",", ,!,d,a,d,f,b,0,c,c,",", ,-,1,9,.,2,5,d,B
!dadfb0cc,!ea2468b0,-9.5dB
!,e,a,2,4,6,8,b,0,",", ,!,d,a,d,f,b,0,c,c,",", ,-,1,5,.,0,d,B
!,d,a,d,f,b,0,c,c,",", ,!,e,a,2,4,6,8,b,0,",", ,-,9,.,0,d,B
!,e,a,2,4,6,8,b,0,",", ,!,d,a,d,f,b,0,c,c,",", ,-,1,4,.,7,5,d,B
!dadfb0cc,!dadfb008,-12.5dB
!,d,a,d,f,b,0,0,8,",", ,!,d,a,d,f,b,0,c,c,",", ,-,1,9,.,7,5,d,B
!dadfb0cc,!ea2468b0,-9.0dB
!,e,a,2,4,6,8,b,0,",", ,!,d,a,d,f,b,0,c,c,",", ,-,1,4,.,7,5,d,B
!,d,a,d,f,b,0,c,c,",", ,!,6,c,7,3,d,a,a,0,",", ,5,.,2,5,d,B
!6c73daa0,!ea2468b0,13.5dB
!,e,a,2,4,6,8,b,0,",", ,!,d,a,d,f,b,0,c,c,",", ,-,1,4,.,2,5,d,B
!dadfb0cc,!dadfb008,-13.5dB
!,d,a,d,f,b,0,0,8,",", ,!,d,a,d,f,b,0,c,c,",", ,-,1,9,.,0,d,B
!dadfb0cc,!ea2468b0,-9.25dB
!,e,a,2,4,6,8,b,0,",", ,!,d,a,d,f,b,0,c,c,",", ,-,1,3,.,7,5,d,B
!,d,a,d,f,b,0,c,c,",", ,!,e,a,2,4,6,8,b,0,",", ,-,1,0,.,5,d,B
!,e,a,2,4,6,8,b,0,",", ,!,d,a,d,f,b,0,c,c,",", ,-,1,3,.,7,5,d,B
!,d,a,d,f,b,0,c,c,",", ,!,e,a,2,4,6,8,b,0,",", ,-,8,.,5,d,B
!,e,a,2,4,6,8,b,0,",", ,!,d,a,d,f,b,0,c,c,",", ,-,1,4,.,7,5,d,B
!dadfb0cc,!dadfb008,-17.0dB
!,d,a,d,f,b,0,0,8,",", ,!,d,a,d,f,b,0,c,c,",", ,-,1,9,.,5,d,B
!dadfb0cc,!ea2468b0,-10.0dB
!,e,a,2,4,6,8,b,0,",", ,!,d,a,d,f,b,0,c,c,",", ,-,1,4,.,7,5,d,B
!,d,a,d,f,b,0,c,c,",", ,!,e,a,2,4,6,8,b,0,",", ,-,8,.,7,5,d,B
!,e,a,2,4,6,8,b,0,",", ,!,d,a,d,f,b,0,c,c,",", ,-,1,4,.,5,d,B
!,d,a,d,f,b,0,c,c,",", ,!,e,a,2,4,6,8,b,0,",", ,-,8,.,7,5,d,B
!,e,a,2,4,6,8,b,0,",", ,!,d,a,d,f,b,0,c,c,",", ,-,1,3,.,0,d,B
!,d,a,d,f,b,0,c,c,",", ,!,e,a,2,4,6,8,b,0,",", ,-,6,.,2,5,d,B
!,e,a,2,4,6,8,b,0,",", ,!,d,a,d,f,b,0,c,c,",", ,-,1,3,.,5,d,B
!dadfb0cc,!dadfb008,-14.25dB
!,d,a,d,f,b,0,0,8,",", ,!,d,a,d,f,b,0,c,c,",", ,-,1,9,.,7,5,d,B
!dadfb0cc,!ea2468b0,-8.25dB
!,e,a,2,4,6,8,b,0,",", ,!,d,a,d,f,b,0,c,c,",", ,-,1,4,.,5,d,B
!,d,a,d,f,b,0,c,c,",", ,!,e,a,2,4,6,8,b,0,",", ,-,8,.,2,5,d,B
!,e,a,2,4,6,8,b,0,",", ,!,d,a,d,f,b,0,c,c,",", ,-,1,3,.,7,5,d,B
!dadfb0cc,!dadfb008,-13.75dB
!,d,a,d,f,b,0,0,8,",", ,!,d,a,d,f,b,0,c,c,",", ,-,2,0,.,0,d,B
!dadfb0cc,!ea2468b0,-9.5dB
!,e,a,2,4,6,8,b,0,",", ,!,d,a,d,f,b,0,c,c,",", ,-,1,2,.,5,d,B
!,d,a,d,f,b,0,c,c,",", ,!,e,a,2,4,6,8,b,0,",", ,-,7,.,7,5,d,B
!,e,a,2,4,6,8,b,0,",", ,!,d,a,d,f,b,0,c,c,",", ,-,1,2,.,5,d,B
!dadfb0cc,!dadfb008,-13.75dB
!,d,a,d,f,b,0,0,8,",", ,!,d,a,d,f,b,0,c,c,",", ,-,1,9,.,5,d,B
!dadfb0cc,!ea2468b0,-8.25dB
!,e,a,2,4,6,8,b,0,",", ,!,d,a,d,f,b,0,c,c,",", ,-,1,3,.,7,5,d,B
!,d,a,d,f,b,0,c,c,",", ,!,e,a,2,4,6,8,b,0,",", ,-,8,.,5,d,B
!,e,a,2,4,6,8,b,0,",", ,!,d,a,d,f,b,0,c,c,",", ,-,1,4,.,2,5,d,B
!dadfb0cc,!dadfb008,-14.0dB
!,d,a,d,f,b,0,0,8,",", ,!,d,a,d,f,b,0,c,c,",", ,-,1,9,.,5,d,B
!dadfb0cc,!ea2468b0,-8.25dB
!,e,a,2,4,6,8,b,0,",", ,!,d,a,d,f,b,0,c,c,",", ,-,1,4,.,5,d,B
!,d,a,d,f,b,0,c,c,",", ,!,e,a,2,4,6,8,b,0,",", ,-,9,.,5,d,B
!,e,a,2,4,6,8,b,0,",", ,!,d,a,d,f,b,0,c,c,",", ,-,1,3,.,2,5,d,B
!dadfb0cc,!dadfb008,-15.75dB
!,d,a,d,f,b,0,0,8,",", ,!,d,a,d,f,b,0,c,c,",", ,-,2,0,.,0,d,B
!dadfb0cc,!ea2468b0,-9.0dB
!,e,a,2,4,6,8,b,0,",", ,!,d,a,d,f,b,0,c,c,",", ,-,1,3,.,2,5,d,B
!dadfb0cc,!dadfb008,-15.5dB
!,d,a,d,f,b,0,0,8,",", ,!,d,a,d,f,b,0,c,c,",", ,-,1,9,.,5,d,B
!dadfb0cc,!ea2468b0,-8.25dB
!,e,a,2,4,6,8,b,0,",", ,!,d,a,d,f,b,0,c,c,",", ,-,1,3,.,0,d,B
!,d,a,d,f,b,0,c,c,",", ,!,e,a,2,4,6,8,b,0,",", ,-,7,.,7,5,d,B
!,e,a,2,4,6,8,b,0,",", ,!,d,a,d,f,b,0,c,c,",", ,-,1,2,.,7,5,d,B
!,d,a,d,f,b,0,c,c,",", ,!,e,a,2,4,6,8,b,0,",", ,-,7,.,5,d,B
!,e,a,2,4,6,8,b,0,",", ,!,d,a,d,f,b,0,c,c,",", ,-,1,4,.,7,5,d,B
!dadfb0cc,!dadfb008,-12.5dB
!,d,a,d,f,b,0,0,8,",", ,!,d,a,d,f,b,0,c,c,",", ,-,1,7,.,7,5,d,B
!dadfb0cc,!ea2468b0,-11.25dB
!,e,a,2,4,6,8,b,0,",", ,!,d,a,d,f,b,0,c,c,",", ,-,1,5,.,0,d,B
!,d,a,d,f,b,0,c,c,",", ,!,e,a,2,4,6,8,b,0,",", ,-,1,1,.,0,d,B
!,e,a,2,4,6,8,b,0,",", ,!,d,a,d,f,b,0,c,c,",", ,-,1,4,.,5,d,B
!dadfb0cc,!dadfb008,-18.0dB
!,d,a,d,f,b,0,0,8,",", ,!,d,a,d,f,b,0,c,c,",", ,-,1,9,.,5,d,B
!dadfb0cc,!ea2468b0,-9.25dB
!,e,a,2,4,6,8,b,0,",", ,!,d,a,d,f,b,0,c,c,",", ,-,1,4,.,7,5,d,B
!,d,a,d,f,b,0,c,c,",", ,!,e,a,2,4,6,8,b,0,",", ,-,1,0,.,0,d,B
!,e,a,2,4,6,8,b,0,",", ,!,d,a,d,f,b,0,c,c,",", ,-,1,3,.,7,5,d,B
!,d,a,d,f,b,0,c,c,",", ,!,e,a,2,4,6,8,b,0,",", ,-,9,.,0,d,B
!,e,a,2,4,6,8,b,0,",", ,!,d,a,d,f,b,0,c,c,",", ,-,1,4,.,5,d,B
!dadfb0cc,!dadfb008,-13.0dB
!,d,a,d,f,b,0,0,8,",", ,!,d,a,d,f,b,0,c,c,",", ,-,1,9,.,2,5,d,B
!dadfb0cc,!ea2468b0,-10.25dB
!,e,a,2,4,6,8,b,0,",", ,!,d,a,d,f,b,0,c,c,",", ,-,1,2,.,2,5,d,B
!,d,a,d,f,b,0,c,c,",", ,!,e,a,2,4,6,8,b,0,",", ,-,6,.,7,5,d,B
!,e,a,2,4,6,8,b,0,",", ,!,d,a,d,f,b,0,c,c,",", ,-,1,4,.,0,d,B
!,d,a,d,f,b,0,c,c,",", ,!,e,a,2,4,6,8,b,0,",", ,-,1,0,.,0,d,B
!,e,a,2,4,6,8,b,0,",", ,!,d,a,d,f,b,0,c,c,",", ,-,1,3,.,2,5,d,B
!,d,a,d,f,b,0,c,c,",", ,!,e,a,2,4,6,8,b,0,",", ,-,9,.,2,5,d,B
!,e,a,2,4,6,8,b,0,",", ,!,d,a,d,f,b,0,c,c,",", ,-,1,3,.,2,5,d,B
!dadfb0cc,!dadfb008,-15.25dB
!,d,a,d,f,b,0,0,8,",", ,!,d,a,d,f,b,0,c,c,",", ,-,1,9,.,7,5,d,B
!dadfb0cc,!ea2468b0,-8.0dB
!,e,a,2,4,6,8,b,0,",", ,!,d,a,d,f,b,0,c,c,",", ,-,1,5,.,7,5,d,B
!,d,a,d,f,b,0,c,c,",", ,!,e,a,2,4,6,8,b,0,",", ,-,8,.,7,5,d,B
!,e,a,2,4,6,8,b,0,",", ,!,d,a,d,f,b,0,c,c,",", ,-,1,4,.,0,d,B
!,d,a,d,f,b,0,c,c,",", ,!,e,a,2,4,6,8,b,0,",", ,-,7,.,7,5,d,B
!,e,a,2,4,6,8,b,0,",", ,!,d,a,d,f,b,0,c,c,",", ,-,1,4,.,2,5,d,B
!,d,a,d,f,b,0,c,c,",", ,!,e,a,2,4,6,8,b,0,",", ,-,8,.,0,d,B
!,e,a,2,4,6,8,b,0,",", ,!,d,a,d,f,b,0,c,c,",", ,-,1,3,.,5,d,B
!,d,a,d,f,b,0,c,c,",", ,!,e,a,2,4,6,8,b,0,",", ,-,7,.,2,5,d,B
!,e,a,2,4,6,8,b,0,",", ,!,d,a,d,f,b,0,c,c,",", ,-,1,3,.,5,d,B
!,d,a,d,f,b,0,c,c,",", ,!,e,a,2,4,6,8,b,0,",", ,-,7,.,0,d,B
!,e,a,2,4,6,8,b,0,",", ,!,d,a,d,f,b,0,c,c,",", ,-,1,3,.,7,5,d,B
!,d,a,d,f,b,0,c,c,",", ,!,e,a,2,4,6,8,b,0,",", ,-,8,.,0,d,B
!,e,a,2,4,6,8,b,0,",", ,!,d,a,d,f,b,0,c,c,",", ,-,1,2,.,7,5,d,B
!,d,a,d,f,b,0,c,c,",", ,!,e,a,2,4,6,8,b,0,",", ,-,6,.,2,5,d,B
!,e,a,2,4,6,8,b,0,",", ,!,d,a,d,f,b,0,c,c,",", ,-,1,3,.,7,5,d,B
!,d,a,d,f,b,0,c,c,",", ,!,e,a,2,4,6,8,b,0,",", ,-,7,.,5,d,B
!,e,a,2,4,6,8,b,0,",", ,!,d,a,d,f,b,0,c,c,",", ,-,1,4,.,7,5,d,B
!,d,a,d,f,b,0,c,c,",", ,!,e,a,2,4,6,8,b,0,",", ,-,9,.,0,d,B
!,e,a,2,4,6,8,b,0,",", ,!,d,a,d,f,b,0,c,c,",", ,-,1,4,.,2,5,d,B
!dadfb0cc,!dadfb008,-14.25dB
!,d,a,d,f,b,0,0,8,",", ,!,d,a,d,f,b,0,c,c,",", ,-,1,9,.,7,5,d,B
!dadfb0cc,!ea2468b0,-7.0dB
!,e,a,2,4,6,8,b,0,",", ,!,d,a,d,f,b,0,c,c,",", ,-,1,3,.,7,5,d,B
!,d,a,d,f,b,0,c,c,",", ,!,e,a,2,4,6,8,b,0,",", ,-,7,.,2,5,d,B
!,e,a,2,4,6,8,b,0,",", ,!,d,a,d,f,b,0,c,c,",", ,-,1,8,.,0,d,B
!,d,a,d,f,b,0,c,c,",", ,!,e,a,2,4,6,8,b,0,",", ,-,1,2,.,7,5,d,B
!,e,a,2,4,6,8,b,0,",", ,!,d,a,d,f,b,0,c,c,",", ,-,1,7,.,2,5,d,B
!,d,a,d,f,b,0,c,c,",", ,!,e,a,2,4,6,8,b,0,",", ,-,1,2,.,7,5,d,B
!,e,a,2,4,6,8,b,0,",", ,!,d,a,d,f,b,0,c,c,",", ,-,1,6,.,5,d,B
!,d,a,d,f,b,0,c,c,",", ,!,e,a,2,4,6,8,b,0,",", ,-,1,0,.,0,d,B
!,e,a,2,4,6,8,b,0,",", ,!,d,a,d,f,b,0,c,c,",", ,-,1,4,.,5,d,B
!,d,a,d,f,b,0,c,c,",", ,!,e,a,2,4,6,8,b,0,",", ,-,1,0,.,0,d,B
!,e,a,2,4,6,8,b,0,",", ,!,d,a,d,f,b,0,c,c,",", ,-,1,5,.,7,5,d,B
!,d,a,d,f,b,0,c,c,",", ,!,e,a,2,4,6,8,b,0,",", ,-,1,1,.,0,d,B
!,e,a,2,4,6,8,b,0,",", ,!,d,a,d,f,b,0,c,c,",", ,-,1,6,.,5,d,B
!,d,a,d,f,b,0,c,c,",", ,!,e,a,2,4,6,8,b,0,",", ,-,1,0,.,2,5,d,B
!,e,a,2,4,6,8,b,0,",", ,!,d,a,d,f,b,0,c,c,",", ,-,1,5,.,5,d,B
!dadfb0cc,!dadfb008,-13.75dB
!,d,a,d,f,b,0,0,8,",", ,!,d,a,d,f,b,0,c,c,",", ,-,1,9,.,5,d,B
!dadfb0cc,!ea2468b0,-9.75dB
!,e,a,2,4,6,8,b,0,",", ,!,d,a,d,f,b,0,c,c,",", ,-,1,4,.,7,5,d,B
!,d,a,d,f,b,0,c,c,",", ,!,e,a,2,4,6,8,b,0,",", ,-,9,.,7,5,d,B
!,e,a,2,4,6,8,b,0,",", ,!,d,a,d,f,b,0,c,c,",", ,-,1,3,.,7,5,d,B
!,d,a,d,f,b,0,c,c,",", ,!,e,a,2,4,6,8,b,0,",", ,-,8,.,7,5,d,B
!,e,a,2,4,6,8,b,0,",", ,!,d,a,d,f,b,0,c,c,",", ,-,1,2,.,7,5,d,B
!,d,a,d,f,b,0,c,c,",", ,!,e,a,2,4,6,8,b,0,",", ,-,8,.,7,5,d,B
!,e,a,2,4,6,8,b,0,",", ,!,d,a,d,f,b,0,c,c,",", ,-,1,5,.,5,d,B
!,d,a,d,f,b,0,c,c,",", ,!,e,a,2,4,6,8,b,0,",", ,-,7,.,7,5,d,B
!,e,a,2,4,6,8,b,0,",", ,!,d,a,d,f,b,0,c,c,",", ,-,1,4,.,7,5,d,B
!dadfb0cc,!dadfb008,-14.0dB
!,d,a,d,f,b,0,0,8,",", ,!,d,a,d,f,b,0,c,c,",", ,-,1,8,.,7,5,d,B
!dadfb0cc,!ea2468b0,-9.5dB
!,e,a,2,4,6,8,b,0,",", ,!,d,a,d,f,b,0,c,c,",", ,-,1,4,.,0,d,B
!,d,a,d,f,b,0,c,c,",", ,!,e,a,2,4,6,8,b,0,",", ,-,9,.,0,d,B
!,e,a,2,4,6,8,b,0,",", ,!,d,a,d,f,b,0,c,c,",", ,-,1,3,.,2,5,d,B
!dadfb0cc,!dadfb008,-18.5dB
!,d,a,d,f,b,0,0,8,",", ,!,d,a,d,f,b,0,c,c,",", ,-,1,9,.,5,d,B
!dadfb0cc,!ea2468b0,-9.25dB
!,e,a,2,4,6,8,b,0,",", ,!,d,a,d,f,b,0,c,c,",", ,-,1,4,.,2,5,d,B
!,d,a,d,f,b,0,c,c,",", ,!,e,a,2,4,6,8,b,0,",", ,-,9,.,2,5,d,B
!,e,a,2,4,6,8,b,0,",", ,!,d,a,d,f,b,0,c,c,",", ,-,1,2,.,2,5,d,B
!,d,a,d,f,b,0,c,c,",", ,!,e,a,2,4,6,8,b,0,",", ,-,6,.,5,d,B
!,e,a,2,4,6,8,b,0,",", ,!,d,a,d,f,b,0,c,c,",", ,-,1,3,.,2,5,d,B
!dadfb0cc,!dadfb008,-15.5dB
!,d,a,d,f,b,0,0,8,",", ,!,d,a,d,f,b,0,c,c,",", ,-,2,0,.,2,5,d,B
!dadfb0cc,!ea2468b0,-9.0dB
!,e,a,2,4,6,8,b,0,",", ,!,d,a,d,f,b,0,c,c,",", ,-,1,4,.,2,5,d,B
!,d,a,d,f,b,0,c,c,",", ,!,e,a,2,4,6,8,b,0,",", ,-,9,.,7,5,d,B
!,e,a,2,4,6,8,b,0,",", ,!,d,a,d,f,b,0,c,c,",", ,-,1,4,.,5,d,B
!,d,a,d,f,b,0,c,c,",", ,!,e,a,2,4,6,8,b,0,",", ,-,9,.,0,d,B
!,e,a,2,4,6,8,b,0,",", ,!,d,a,d,f,b,0,c,c,",", ,-,1,5,.,0,d,B
!,d,a,d,f,b,0,c,c,",", ,!,e,a,2,4,6,8,b,0,",", ,-,8,.,5,d,B
!,e,a,2,4,6,8,b,0,",", ,!,d,a,d,f,b,0,c,c,",", ,-,1,2,.,5,d,B
!,d,a,d,f,b,0,c,c,",", ,!,e,a,2,4,6,8,b,0,",", ,-,7,.,0,d,B
!,e,a,2,4,6,8,b,0,",", ,!,d,a,d,f,b,0,c,c,",", ,-,1,3,.,0,d,B
!,d,a,d,f,b,0,c,c,",", ,!,e,a,2,4,6,8,b,0,",", ,-,7,.,7,5,d,B
!,e,a,2,4,6,8,b,0,",", ,!,d,a,d,f,b,0,c,c,",", ,-,1,3,.,2,5,d,B
!,d,a,d,f,b,0,c,c,",", ,!,e,a,2,4,6,8,b,0,",", ,-,8,.,5,d,B
!,e,a,2,4,6,8,b,0,",", ,!,d,a,d,f,b,0,c,c,",", ,-,1,1,.,0,d,B
!dadfb0cc,!dadfb008,-15.0dB
!,d,a,d,f,b,0,0,8,",", ,!,d,a,d,f,b,0,c,c,",", ,-,1,9,.,2,5,d,B
!dadfb0cc,!ea2468b0,-7.75dB
!,e,a,2,4,6,8,b,0,",", ,!,d,a,d,f,b,0,c,c,",", ,-,1,3,.,5,d,B
!,d,a,d,f,b,0,c,c,",", ,!,e,a,2,4,6,8,b,0,",", ,-,9,.,0,d,B
!,e,a,2,4,6,8,b,0,",", ,!,d,a,d,f,b,0,c,c,",", ,-,1,3,.,2,5,d,B
!,d,a,d,f,b,0,c,c,",", ,!,e,a,2,4,6,8,b,0,",", ,-,7,.,5,d,B
!,e,a,2,4,6,8,b,0,",", ,!,d,a,d,f,b,0,c,c,",", ,-,1,3,.,5,d,B
!dadfb0cc,!dadfb008,-14.0dB
!,d,a,d,f,b,0,0,8,",", ,!,d,a,d,f,b,0,c,c,",", ,-,1,8,.,5,d,B
!dadfb0cc,!ea2468b0,-9.25dB
!,e,a,2,4,6,8,b,0,",", ,!,d,a,d,f,b,0,c,c,",", ,-,1,2,.,5,d,B
!,d,a,d,f,b,0,c,c,",", ,!,e,a,2,4,6,8,b,0,",", ,-,7,.,7,5,d,B
!,e,a,2,4,6,8,b,0,",", ,!,d,a,d,f,b,0,c,c,",", ,-,1,3,.,5,d,B
!,d,a,d,f,b,0,c,c,",", ,!,e,a,2,4,6,8,b,0,",", ,-,9,.,2,5,d,B
!,e,a,2,4,6,8,b,0,",", ,!,d,a,d,f,b,0,c,c,",", ,-,1,2,.,5,d,B
!dadfb0cc,!dadfb008,-12.75dB
!,d,a,d,f,b,0,0,8,",", ,!,d,a,d,f,b,0,c,c,",", ,-,1,9,.,5,d,B
!dadfb0cc,!ea2468b0,-7.25dB
!,e,a,2,4,6,8,b,0,",", ,!,d,a,d,f,b,0,c,c,",", ,-,1,3,.,0,d,B
!dadfb0cc,!dadfb008,-13.5dB
!,d,a,d,f,b,0,0,8,",", ,!,d,a,d,f,b,0,c,c,",", ,-,2,0,.,2,5,d,B
!dadfb0cc,!ea2468b0,-9.0dB
!,e,a,2,4,6,8,b,0,",", ,!,d,a,d,f,b,0,c,c,",", ,-,1,3,.,2,5,d,B
!dadfb0cc,!dadfb008,-13.75dB
!,d,a,d,f,b,0,0,8,",", ,!,d,a,d,f,b,0,c,c,",", ,-,1,9,.,5,d,B
!dadfb0cc,!ea2468b0,-9.25dB
!,e,a,2,4,6,8,b,0,",", ,!,d,a,d,f,b,0,c,c,",", ,-,1,4,.,0,d,B
!,d,a,d,f,b,0,c,c,",", ,!,e,a,2,4,6,8,b,0,",", ,-,8,.,2,5,d,B
!,e,a,2,4,6,8,b,0,",", ,!,d,a,d,f,b,0,c,c,",", ,-,1,2,.,7,5,d,B
!dadfb0cc,!dadfb008,-13.5dB
!,d,a,d,f,b,0,0,8,",", ,!,d,a,d,f,b,0,c,c,",", ,-,1,9,.,5,d,B
!dadfb0cc,!ea2468b0,-8.5dB
!,e,a,2,4,6,8,b,0,",", ,!,d,a,d,f,b,0,c,c,",", ,-,1,2,.,5,d,B
!,d,a,d,f,b,0,c,c,",", ,!,e,a,2,4,6,8,b,0,",", ,-,7,.,5,d,B
!,e,a,2,4,6,8,b,0,",", ,!,d,a,d,f,b,0,c,c,",", ,-,1,3,.,5,d,B
!dadfb0cc,!dadfb008,-14.25dB
!,d,a,d,f,b,0,0,8,",", ,!,d,a,d,f,b,0,c,c,",", ,-,1,9,.,0,d,B
!dadfb0cc,!ea2468b0,-7.75dB
!,e,a,2,4,6,8,b,0,",", ,!,d,a,d,f,b,0,c,c,",", ,-,1,3,.,7,5,d,B
!,d,a,d,f,b,0,c,c,",", ,!,e,a,2,4,6,8,b,0,",", ,-,9,.,2,5,d,B
!,e,a,2,4,6,8,b,0,",", ,!,d,a,d,f,b,0,c,c,",", ,-,1,2,.,7,5,d,B
!,d,a,d,f,b,0,c,c,",", ,!,e,a,2,4,6,8,b,0,",", ,-,8,.,2,5,d,B
!,e,a,2,4,6,8,b,0,",", ,!,d,a,d,f,b,0,c,c,",", ,-,1,1,.,7,5,d,B
!,d,a,d,f,b,0,c,c,",", ,!,e,a,2,4,6,8,b,0,",", ,-,6,.,7,5,d,B
!,e,a,2,4,6,8,b,0,",", ,!,d,a,d,f,b,0,c,c,",", ,-,1,2,.,7,5,d,B
!dadfb0cc,!dadfb008,-14.5dB
!,d,a,d,f,b,0,0,8,",", ,!,d,a,d,f,b,0,c,c,",", ,-,2,0,.,2,5,d,B
!dadfb0cc,!ea2468b0,-8.75dB
!,e,a,2,4,6,8,b,0,",", ,!,d,a,d,f,b,0,c,c,",", ,-,1,2,.,5,d,B
!dadfb0cc,!dadfb008,-14.75dB
!,d,a,d,f,b,0,0,8,",", ,!,d,a,d,f,b,0,c,c,",", ,-,1,9,.,0,d,B
!dadfb0cc,!ea2468b0,-8.0dB
!,e,a,2,4,6,8,b,0,",", ,!,d,a,d,f,b,0,c,c,",", ,-,1,3,.,0,d,B
!,d,a,d,f,b,0,c,c,",", ,!,e,a,2,4,6,8,b,0,",", ,-,7,.,7,5,d,B
!,e,a,2,4,6,8,b,0,",", ,!,d,a,d,f,b,0,c,c,",", ,-,1,2,.,0,d,B
!dadfb0cc,!dadfb008,-13.0dB
!,d,a,d,f,b,0,0,8,",", ,!,d,a,d,f,b,0,c,c,",", ,-,1,9,.,5,d,B
!dadfb0cc,!ea2468b0,-8.0dB
!,e,a,2,4,6,8,b,0,",", ,!,d,a,d,f,b,0,c,c,",", ,-,1,3,.,2,5,d,B
!,d,a,d,f,b,0,c,c,",", ,!,e,a,2,4,6,8,b,0,",", ,-,7,.,5,d,B
!,e,a,2,4,6,8,b,0,",", ,!,d,a,d,f,b,0,c,c,",", ,-,1,3,.,7,5,d,B
!dadfb0cc,!dadfb008,-14.75dB
!,d,a,d,f,b,0,0,8,",", ,!,d,a,d,f,b,0,c,c,",", ,-,1,9,.,2,5,d,B
!dadfb0cc,!ea2468b0,-8.0dB
!,e,a,2,4,6,8,b,0,",", ,!,d,a,d,f,b,0,c,c,",", ,-,1,3,.,2,5,d,B
!,d,a,d,f,b,0,c,c,",", ,!,e,a,2,4,6,8,b,0,",", ,-,7,.,7,5,d,B
!,e,a,2,4,6,8,b,0,",", ,!,d,a,d,f,b,0,c,c,",", ,-,1,2,.,5,d,B
!dadfb0cc,!dadfb008,-12.25dB
!,d,a,d,f,b,0,0,8,",", ,!,d,a,d,f,b,0,c,c,",", ,-,1,7,.,5,d,B
!dadfb0cc,!ea2468b0,-6.75dB
!,e,a,2,4,6,8,b,0,",", ,!,d,a,d,f,b,0,c,c,",", ,-,1,3,.,5,d,B
!dadfb0cc,!dadfb008,-13.75dB
!,d,a,d,f,b,0,0,8,",", ,!,d,a,d,f,b,0,c,c,",", ,-,1,8,.,7,5,d,B
!dadfb0cc,!ea2468b0,-8.75dB
!,e,a,2,4,6,8,b,0,",", ,!,d,a,d,f,b,0,c,c,",", ,-,1,2,.,7,5,d,B
!,d,a,d,f,b,0,c,c,",", ,!,e,a,2,4,6,8,b,0,",", ,-,7,.,7,5,d,B
!,e,a,2,4,6,8,b,0,",", ,!,d,a,d,f,b,0,c,c,",", ,-,1,3,.,2,5,d,B
!,d,a,d,f,b,0,c,c,",", ,!,e,a,2,4,6,8,b,0,",", ,-,8,.,5,d,B
!,e,a,2,4,6,8,b,0,",", ,!,d,a,d,f,b,0,c,c,",", ,-,1,2,.,5,d,B
!dadfb0cc,!dadfb008,-12.75dB
!,d,a,d,f,b,0,0,8,",", ,!,d,a,d,f,b,0,c,c,",", ,-,1,8,.,5,d,B
!dadfb0cc,!ea2468b0,-8.0dB
!,e,a,2,4,6,8,b,0,",", ,!,d,a,d,f,b,0,c,c,",", ,-,1,3,.,0,d,B
!dadfb0cc,!dadfb008,-14.5dB
!,d,a,d,f,b,0,0,8,",", ,!,d,a,d,f,b,0,c,c,",", ,-,1,9,.,5,d,B
!dadfb0cc,!ea2468b0,-8.75dB
!,e,a,2,4,6,8,b,0,",", ,!,d,a,d,f,b,0,c,c,",", ,-,1,3,.,0,d,B
!,d,a,d,f,b,0,c,c,",", ,!,e,a,2,4,6,8,b,0,",", ,-,8,.,7,5,d,B
!,e,a,2,4,6,8,b,0,",", ,!,d,a,d,f,b,0,c,c,",", ,-,1,3,.,5,d,B
!,d,a,d,f,b,0,c,c,",", ,!,e,a,2,4,6,8,b,0,",", ,-,8,.,5,d,B
!,e,a,2,4,6,8,b,0,",", ,!,d,a,d,f,b,0,c,c,",", ,-,1,3,.,7,5,d,B
!,d,a,d,f,b,0,c,c,",", ,!,e,a,2,4,6,8,b,0,",", ,-,9,.,2,5,d,B
!,e,a,2,4,6,8,b,0,",", ,!,d,a,d,f,b,0,c,c,",", ,-,1,3,.,5,d,B
!dadfb0cc,!dadfb008,-12.5dB
!,d,a,d,f,b,0,0,8,",", ,!,d,a,d,f,b,0,c,c,",", ,-,1,9,.,0,d,B
!dadfb0cc,!ea2468b0,-8.0dB
!,e,a,2,4,6,8,b,0,",", ,!,d,a,d,f,b,0,c,c,",", ,-,1,3,.,2,5,d,B
!,d,a,d,f,b,0,c,c,",", ,!,e,a,2,4,6,8,b,0,",", ,-,8,.,0,d,B
!,e,a,2,4,6,8,b,0,",", ,!,d,a,d,f,b,0,c,c,",", ,-,1,2,.,5,d,B
!,d,a,d,f,b,0,c,c,",", ,!,e,a,2,4,6,8,b,0,",", ,-,7,.,5,d,B
!,e,a,2,4,6,8,b,0,",", ,!,d,a,d,f,b,0,c,c,",", ,-,1,2,.,7,5,d,B
!,d,a,d,f,b,0,c,c,",", ,!,e,a,2,4,6,8,b,0,",", ,-,7,.,5,d,B
!,e,a,2,4,6,8,b,0,",", ,!,d,a,d,f,b,0,c,c,",", ,-,1,2,.,5,d,B
!,d,a,d,f,b,0,c,c,",", ,!,e,a,2,4,6,8,b,0,",", ,-,7,.,2,5,d,B
!,e,a,2,4,6,8,b,0,",", ,!,d,a,d,f,b,0,c,c,",", ,-,1,3,.,2,5,d,B
!,d,a,d,f,b,0,c,c,",", ,!,e,a,2,4,6,8,b,0,",", ,-,8,.,2,5,d,B
!,e,a,2,4,6,8,b,0,",", ,!,d,a,d,f,b,0,c,c,",", ,-,1,2,.,5,d,B
!,d,a,d,f,b,0,c,c,",", ,!,e,a,2,4,6,8,b,0,",", ,-,7,.,5,d,B
!,e,a,2,4,6,8,b,0,",", ,!,d,a,d,f,b,0,c,c,",", ,-,1,3,.,2,5,d,B
!,d,a,d,f,b,0,c,c,",", ,!,e,a,2,4,6,8,b,0,",", ,-,7,.,7,5,d,B
!,e,a,2,4,6,8,b,0,",", ,!,d,a,d,f,b,0,c,c,",", ,-,1,3,.,2,5,d,B
!dadfb0cc,!dadfb008,-14.5dB
!,d,a,d,f,b,0,0,8,",", ,!,d,a,d,f,b,0,c,c,",", ,-,1,9,.,0,d,B
!dadfb0cc,!ea2468b0,-9.25dB
!,e,a,2,4,6,8,b,0,",", ,!,d,a,d,f,b,0,c,c,",", ,-,1,3,.,2,5,d,B
!,d,a,d,f,b,0,c,c,",", ,!,e,a,2,4,6,8,b,0,",", ,-,7,.,7,5,d,B
!,e,a,2,4,6,8,b,0,",", ,!,d,a,d,f,b,0,c,c,",", ,-,1,2,.,7,5,d,B
!,d,a,d,f,b,0,c,c,",", ,!,e,a,2,4,6,8,b,0,",", ,-,7,.,7,5,d,B
!,e,a,2,4,6,8,b,0,",", ,!,d,a,d,f,b,0,c,c,",", ,-,1,5,.,0,d,B
!,d,a,d,f,b,0,c,c,",", ,!,e,a,2,4,6,8,b,0,",", ,-,9,.,0,d,B
!,e,a,2,4,6,8,b,0,",", ,!,d,a,d,f,b,0,c,c,",", ,-,1,3,.,5,d,B
!,d,a,d,f,b,0,c,c,",", ,!,e,a,2,4,6,8,b,0,",", ,-,8,.,2,5,d,B
!,e,a,2,4,6,8,b,0,",", ,!,d,a,d,f,b,0,c,c,",", ,-,1,3,.,0,d,B
!,d,a,d,f,b,0,c,c,",", ,!,e,a,2,4,6,8,b,0,",", ,-,7,.,5,d,B
!,e,a,2,4,6,8,b,0,",", ,!,d,a,d,f,b,0,c,c,",", ,-,1,1,.,7,5,d,B
!dadfb0cc,!dadfb008,-15.75dB
!,d,a,d,f,b,0,0,8,",", ,!,d,a,d,f,b,0,c,c,",", ,-,2,0,.,0,d,B
!dadfb0cc,!6c73daa0,5.75dB
!6c73daa0,!ea2468b0,10.5dB
!,e,a,2,4,6,8,b,0,",", ,!,d,a,d,f,b,0,c,c,",", ,-,1,4,.,2,5,d,B
!,d,a,d,f,b,0,c,c,",", ,!,e,a,2,4,6,8,b,0,",", ,-,1,0,.,2,5,d,B
!,e,a,2,4,6,8,b,0,",", ,!,d,a,d,f,b,0,c,c,",", ,-,1,3,.,2,5,d,B
!,d,a,d,f,b,0,c,c,",", ,!,e,a,2,4,6,8,b,0,",", ,-,7,.,2,5,d,B
!,e,a,2,4,6,8,b,0,",", ,!,d,a,d,f,b,0,c,c,",", ,-,1,2,.,0,d,B
!,d,a,d,f,b,0,c,c,",", ,!,e,a,2,4,6,8,b,0,",", ,-,7,.,0,d,B
!,e,a,2,4,6,8,b,0,",", ,!,d,a,d,f,b,0,c,c,",", ,-,1,3,.,2,5,d,B
!,d,a,d,f,b,0,c,c,",", ,!,e,a,2,4,6,8,b,0,",", ,-,6,.,5,d,B
!,e,a,2,4,6,8,b,0,",", ,!,d,a,d,f,b,0,c,c,",", ,-,1,2,.,5,d,B
!,d,a,d,f,b,0,c,c,",", ,!,e,a,2,4,6,8,b,0,",", ,-,7,.,7,5,d,B
!,e,a,2,4,6,8,b,0,",", ,!,d,a,d,f,b,0,c,c,",", ,-,1,4,.,0,d,B
!,d,a,d,f,b,0,c,c,",", ,!,e,a,2,4,6,8,b,0,",", ,-,8,.,5,d,B
!,e,a,2,4,6,8,b,0,",", ,!,d,a,d,f,b,0,c,c,",", ,-,1,4,.,7,5,d,B
!,d,a,d,f,b,0,c,c,",", ,!,e,a,2,4,6,8,b,0,",", ,-,9,.,0,d,B
!,e,a,2,4,6,8,b,0,",", ,!,d,a,d,f,b,0,c,c,",", ,-,1,4,.,0,d,B
!,d,a,d,f,b,0,c,c,",", ,!,e,a,2,4,6,8,b,0,",", ,-,1,0,.,0,d,B
!,e,a,2,4,6,8,b,0,",", ,!,d,a,d,f,b,0,c,c,",", ,-,1,4,.,5,d,B
!dadfb0cc,!dadfb008,-16.25dB
!,d,a,d,f,b,0,0,8,",", ,!,d,a,d,f,b,0,c,c,",", ,-,1,9,.,2,5,d,B
!dadfb0cc,!ea2468b0,-10.5dB
!,e,a,2,4,6,8,b,0,",", ,!,d,a,d,f,b,0,c,c,",", ,-,1,5,.,2,5,d,B
!,d,a,d,f,b,0,c,c,",", ,!,e,a,2,4,6,8,b,0,",", ,-,8,.,7,5,d,B
!,e,a,2,4,6,8,b,0,",", ,!,d,a,d,f,b,0,c,c,",", ,-,1,5,.,0,d,B
!dadfb0cc,!dadfb008,-15.5dB
!,d,a,d,f,b,0,0,8,",", ,!,d,a,d,f,b,0,c,c,",", ,-,1,9,.,2,5,d,B
!dadfb0cc,!ea2468b0,-10.75dB
!,e,a,2,4,6,8,b,0,",", ,!,d,a,d,f,b,0,c,c,",", ,-,1,2,.,7,5,d,B
!dadfb0cc,!dadfb008,-13.5dB
!,d,a,d,f,b,0,0,8,",", ,!,d,a,d,f,b,0,c,c,",", ,-,1,8,.,5,d,B
!dadfb0cc,!ea2468b0,-8.25dB
!,e,a,2,4,6,8,b,0,",", ,!,d,a,d,f,b,0,c,c,",", ,-,1,4,.,0,d,B
!,d,a,d,f,b,0,c,c,",", ,!,e,a,2,4,6,8,b,0,",", ,-,9,.,2,5,d,B
!,e,a,2,4,6,8,b,0,",", ,!,d,a,d,f,b,0,c,c,",", ,-,1,5,.,5,d,B
!,d,a,d,f,b,0,c,c,",", ,!,e,a,2,4,6,8,b,0,",", ,-,1,1,.,2,5,d,B
